id,anthropic/claude-3-opus-20240229_score,anthropic/claude-3-opus-20240229_pass_to_pass_pass_rate,anthropic/claude-3-opus-20240229_fail_to_pass_pass_rate,anthropic/claude-3-sonnet-20240229_score,anthropic/claude-3-sonnet-20240229_pass_to_pass_pass_rate,anthropic/claude-3-sonnet-20240229_fail_to_pass_pass_rate,anthropic/claude-3-5-sonnet-20240620_score,anthropic/claude-3-5-sonnet-20240620_pass_to_pass_pass_rate,anthropic/claude-3-5-sonnet-20240620_fail_to_pass_pass_rate,anthropic/claude-3-5-sonnet-20241022_score,anthropic/claude-3-5-sonnet-20241022_pass_to_pass_pass_rate,anthropic/claude-3-5-sonnet-20241022_fail_to_pass_pass_rate,openai/gpt4o-2024-08-06_score,openai/gpt4o-2024-08-06_pass_to_pass_pass_rate,openai/gpt4o-2024-08-06_fail_to_pass_pass_rate,openai/gpt-4o-mini-2024-07-18_score,openai/gpt-4o-mini-2024-07-18_pass_to_pass_pass_rate,openai/gpt-4o-mini-2024-07-18_fail_to_pass_pass_rate,openai/gpt-4-turbo-2024-04-09_score,openai/gpt-4-turbo-2024-04-09_pass_to_pass_pass_rate,openai/gpt-4-turbo-2024-04-09_fail_to_pass_pass_rate,difficulty,size_in_gb,environment
astropy__astropy-12907,0.0,1.0,0.0,0.0,0.4615384615384615,0.0,0.0,0.4615384615384615,0.0,0.0,0.9230769230769232,0.0,0.0,1.0,0.0,0.0,1.0,0.0,0.0,1.0,0.0,15 min - 1 hour,2.71,sweb.env.x86_64.428468730904ff6b4232aa:latest
astropy__astropy-13033,0.0,1.0,0.0,0.0,1.0,0.0,0.0,0.95,0.0,0.0,0.95,0.0,0.0,1.0,0.0,0.0,0.0,0.0,0.0,1.0,0.0,15 min - 1 hour,2.71,sweb.env.x86_64.428468730904ff6b4232aa:latest
astropy__astropy-13236,0.0,1.0,0.0,0.0,1.0,0.0,0.0,1.0,0.0,0.0,1.0,0.0,0.0,1.0,0.0,0.0,0.9968944099378882,0.0,0.0,1.0,0.0,15 min - 1 hour,2.71,sweb.env.x86_64.428468730904ff6b4232aa:latest
astropy__astropy-13398,0.0,1.0,0.0,0.0,1.0,0.0,0.0,0.9264705882352942,0.0,0.0,1.0,0.0,0.0,0.8382352941176471,0.0,0.0,1.0,0.0,0.0,1.0,0.0,1-4 hours,2.71,sweb.env.x86_64.428468730904ff6b4232aa:latest
astropy__astropy-13453,0.0,1.0,0.0,0.0,0.0,0.0,0.0,1.0,0.0,0.0,1.0,0.0,0.0,1.0,0.0,0.0,1.0,0.0,0.0,1.0,0.0,15 min - 1 hour,2.71,sweb.env.x86_64.428468730904ff6b4232aa:latest
astropy__astropy-13579,1.0,1.0,1.0,0.0,1.0,0.0,0.0,0.975,0.0,0.0,0.0,0.0,1.0,1.0,1.0,0.0,1.0,0.0,0.0,1.0,0.0,1-4 hours,2.71,sweb.env.x86_64.428468730904ff6b4232aa:latest
astropy__astropy-13977,0.0,1.0,0.0,0.0,0.0,0.0,0.0,0.8105590062111802,1.0,0.0,1.0,0.0,0.0,0.9192546583850932,0.0,0.0,0.9906832298136646,0.0,0.0,0.0,0.0,15 min - 1 hour,2.71,sweb.env.x86_64.428468730904ff6b4232aa:latest
astropy__astropy-14096,0.0,1.0,0.0,0.0,1.0,0.0,0.0,1.0,0.0,0.0,1.0,0.0,0.0,1.0,0.0,0.0,1.0,0.0,0.0,1.0,0.0,15 min - 1 hour,2.71,sweb.env.x86_64.428468730904ff6b4232aa:latest
astropy__astropy-14182,0.0,1.0,0.0,0.0,0.0,0.0,0.0,0.8888888888888888,0.0,0.0,0.8888888888888888,0.0,0.0,1.0,0.0,0.0,0.0,0.0,0.0,0.0,0.0,15 min - 1 hour,2.71,sweb.env.x86_64.428468730904ff6b4232aa:latest
astropy__astropy-14309,0.0,1.0,0.0,0.0,1.0,0.0,0.0,1.0,0.0,1.0,1.0,1.0,1.0,1.0,1.0,1.0,1.0,1.0,1.0,1.0,1.0,<15 min fix,2.7,sweb.env.x86_64.428468730904ff6b4232aa:latest
astropy__astropy-14365,0.0,0.125,0.0,0.0,1.0,0.0,0.0,0.125,0.0,0.0,0.75,0.0,0.0,0.75,0.0,0.0,0.375,0.0,0.0,0.375,0.0,15 min - 1 hour,2.7,sweb.env.x86_64.428468730904ff6b4232aa:latest
astropy__astropy-14369,0.0,1.0,0.0,0.0,1.0,0.0,0.0,1.0,0.0,0.0,1.0,0.0,0.0,1.0,0.0,0.0,0.0,0.0,0.0,1.0,0.0,1-4 hours,2.7,sweb.env.x86_64.428468730904ff6b4232aa:latest
astropy__astropy-14508,0.0,0.9942528735632185,1.0,0.0,0.9827586206896552,1.0,1.0,1.0,1.0,1.0,1.0,1.0,0.0,0.9942528735632185,1.0,0.0,0.0,0.0,0.0,0.9942528735632185,1.0,15 min - 1 hour,2.7,sweb.env.x86_64.428468730904ff6b4232aa:latest
astropy__astropy-14539,0.0,1.0,0.0,0.0,0.9130434782608696,0.0,0.0,1.0,0.0,1.0,1.0,1.0,0.0,1.0,0.0,0.0,1.0,0.0,0.0,1.0,0.0,15 min - 1 hour,2.7,sweb.env.x86_64.428468730904ff6b4232aa:latest
astropy__astropy-14598,0.0,1.0,0.0,0.0,0.9542857142857144,0.0,0.0,1.0,0.0,0.0,1.0,0.0,0.0,1.0,0.0,0.0,1.0,0.0,0.0,0.8114285714285714,0.0,15 min - 1 hour,2.7,sweb.env.x86_64.428468730904ff6b4232aa:latest
astropy__astropy-14995,0.0,1.0,0.0,0.0,1.0,0.0,0.0,0.3184357541899441,0.0,1.0,1.0,1.0,0.0,1.0,0.0,0.0,1.0,0.0,0.0,1.0,0.0,<15 min fix,2.7,sweb.env.x86_64.428468730904ff6b4232aa:latest
astropy__astropy-7166,0.0,0.0,0.0,0.0,1.0,0.0,0.0,1.0,0.0,1.0,1.0,1.0,0.0,1.0,0.0,0.0,1.0,0.0,0.0,1.0,0.0,<15 min fix,2.7,sweb.env.x86_64.c70974ae7654c7a2c98577:latest
astropy__astropy-7336,1.0,1.0,1.0,1.0,1.0,1.0,1.0,1.0,1.0,1.0,1.0,1.0,1.0,1.0,1.0,1.0,1.0,1.0,1.0,1.0,1.0,<15 min fix,2.7,sweb.env.x86_64.c70974ae7654c7a2c98577:latest
astropy__astropy-7606,0.0,0.995850622406639,0.0,0.0,0.995850622406639,1.0,0.0,0.995850622406639,1.0,0.0,0.995850622406639,1.0,0.0,0.995850622406639,1.0,0.0,0.995850622406639,0.0,0.0,0.995850622406639,1.0,15 min - 1 hour,2.71,sweb.env.x86_64.c70974ae7654c7a2c98577:latest
astropy__astropy-7671,0.0,1.0,0.0,0.0,1.0,0.0,1.0,1.0,1.0,1.0,1.0,1.0,1.0,1.0,1.0,0.0,0.0,0.0,0.0,1.0,0.0,15 min - 1 hour,2.71,sweb.env.x86_64.c70974ae7654c7a2c98577:latest
astropy__astropy-8707,0.0,0.0,0.0,0.0,0.0,0.0,0.0,1.0,,0.0,1.0,,0.0,1.0,,0.0,0.0,0.0,0.0,0.0,0.0,15 min - 1 hour,2.85,sweb.env.x86_64.428468730904ff6b4232aa:latest
astropy__astropy-8872,0.0,0.0,0.0,0.0,0.0,0.0,0.0,0.0,0.0,0.0,0.0,0.0,0.0,0.0,0.0,0.0,0.0,0.0,0.0,0.0,0.0,15 min - 1 hour,2.85,sweb.env.x86_64.428468730904ff6b4232aa:latest
django__django-10097,0.0,1.0,1.0,0.0,0.0,0.0,0.0,1.0,1.0,0.0,1.0,1.0,0.0,1.0,1.0,0.0,1.0,1.0,0.0,1.0,1.0,<15 min fix,2.87,sweb.env.x86_64.56a3bf2c8561bd901139b0:latest
django__django-10554,0.0,0.0,0.0,0.0,1.0,0.0,0.0,1.0,0.0,0.0,1.0,0.0,0.0,1.0,0.0,0.0,1.0,0.0,0.0,1.0,0.0,1-4 hours,2.76,sweb.env.x86_64.2baaea72acc974f6c02079:latest
django__django-10880,0.0,0.9818181818181818,1.0,0.0,1.0,,1.0,1.0,1.0,0.0,0.9818181818181818,1.0,0.0,1.0,,0.0,1.0,,1.0,1.0,1.0,<15 min fix,2.76,sweb.env.x86_64.2baaea72acc974f6c02079:latest
django__django-10914,1.0,1.0,1.0,1.0,1.0,1.0,1.0,1.0,1.0,1.0,1.0,1.0,1.0,1.0,1.0,0.0,1.0,0.0,0.0,1.0,0.0,<15 min fix,2.76,sweb.env.x86_64.2baaea72acc974f6c02079:latest
django__django-10973,0.0,,0.8,0.0,,0.75,1.0,,1.0,1.0,,1.0,1.0,,1.0,0.0,,0.8,0.0,,0.4,15 min - 1 hour,2.76,sweb.env.x86_64.2baaea72acc974f6c02079:latest
django__django-10999,0.0,1.0,0.0,0.0,1.0,0.0,0.0,0.4,0.0,0.0,1.0,0.0,0.0,1.0,0.0,0.0,1.0,0.0,0.0,1.0,0.0,<15 min fix,2.76,sweb.env.x86_64.2baaea72acc974f6c02079:latest
django__django-11066,1.0,1.0,1.0,1.0,1.0,1.0,1.0,1.0,1.0,1.0,1.0,1.0,1.0,1.0,1.0,1.0,1.0,1.0,1.0,1.0,1.0,<15 min fix,2.76,sweb.env.x86_64.2baaea72acc974f6c02079:latest
django__django-11087,0.0,0.7692307692307693,0.0,0.0,1.0,0.0,0.0,1.0,0.0,0.0,0.9545454545454546,0.0,0.0,1.0,0.0,0.0,1.0,0.0,0.0,1.0,0.0,15 min - 1 hour,2.76,sweb.env.x86_64.2baaea72acc974f6c02079:latest
django__django-11095,0.0,1.0,0.0,0.0,0.0,0.0,0.0,1.0,0.0,0.0,1.0,0.0,1.0,1.0,1.0,0.0,0.0,0.0,0.0,1.0,0.0,15 min - 1 hour,2.76,sweb.env.x86_64.2baaea72acc974f6c02079:latest
django__django-11099,1.0,1.0,1.0,1.0,1.0,1.0,1.0,1.0,1.0,1.0,1.0,1.0,0.0,1.0,0.3333333333333333,0.0,0.0,0.0,1.0,1.0,1.0,<15 min fix,2.76,sweb.env.x86_64.2baaea72acc974f6c02079:latest
django__django-11119,0.0,1.0,,1.0,1.0,1.0,1.0,1.0,1.0,1.0,1.0,1.0,1.0,1.0,1.0,1.0,1.0,1.0,1.0,1.0,1.0,<15 min fix,2.76,sweb.env.x86_64.2baaea72acc974f6c02079:latest
django__django-11133,0.0,1.0,0.0,0.0,0.0,0.0,0.0,1.0,0.0,1.0,1.0,1.0,1.0,1.0,1.0,0.0,1.0,,1.0,1.0,1.0,<15 min fix,2.76,sweb.env.x86_64.2baaea72acc974f6c02079:latest
django__django-11138,0.0,0.9863013698630136,0.0,0.0,1.0,0.0,0.0,1.0,0.0,0.0,1.0,0.0,0.0,1.0,0.0,0.0,1.0,0.0,0.0,1.0,0.0,1-4 hours,2.76,sweb.env.x86_64.2baaea72acc974f6c02079:latest
django__django-11141,0.0,0.9444444444444444,1.0,0.0,0.9583333333333334,1.0,0.0,0.9583333333333334,1.0,0.0,0.9583333333333334,1.0,0.0,0.9583333333333334,1.0,0.0,0.0,0.0,0.0,0.9583333333333334,1.0,15 min - 1 hour,2.76,sweb.env.x86_64.a18371b03f944585b4f08c:latest
django__django-11149,0.0,1.0,,0.0,1.0,0.0,0.0,1.0,0.0,0.0,1.0,0.0,0.0,0.0,0.0,0.0,1.0,0.0,0.0,1.0,0.0,15 min - 1 hour,2.76,sweb.env.x86_64.2baaea72acc974f6c02079:latest
django__django-11163,1.0,1.0,1.0,1.0,1.0,1.0,1.0,1.0,1.0,1.0,1.0,1.0,0.0,1.0,0.0,0.0,0.0,0.0,1.0,1.0,1.0,<15 min fix,2.76,sweb.env.x86_64.2baaea72acc974f6c02079:latest
django__django-11179,0.0,0.975,0.0,0.0,1.0,0.0,1.0,1.0,1.0,1.0,1.0,1.0,0.0,0.0,0.0,0.0,1.0,0.0,1.0,1.0,1.0,<15 min fix,2.76,sweb.env.x86_64.2baaea72acc974f6c02079:latest
django__django-11206,0.0,1.0,1.0,0.0,1.0,0.5,0.0,1.0,0.0,0.0,1.0,0.0,0.0,1.0,0.0,0.0,1.0,0.0,0.0,1.0,0.0,15 min - 1 hour,2.76,sweb.env.x86_64.2baaea72acc974f6c02079:latest
django__django-11211,0.0,1.0,0.0,0.0,1.0,0.0,0.0,1.0,0.0,1.0,1.0,1.0,0.0,1.0,0.0,0.0,1.0,0.0,0.0,1.0,0.0,15 min - 1 hour,2.76,sweb.env.x86_64.2baaea72acc974f6c02079:latest
django__django-11239,0.0,1.0,0.0,0.0,1.0,0.0,0.0,1.0,0.0,0.0,1.0,0.0,0.0,1.0,0.0,0.0,0.2,0.0,0.0,0.2,0.0,<15 min fix,2.76,sweb.env.x86_64.2baaea72acc974f6c02079:latest
django__django-11265,0.0,1.0,,0.0,1.0,,0.0,0.0,0.0,0.0,1.0,,1.0,1.0,1.0,0.0,1.0,,0.0,1.0,,15 min - 1 hour,2.76,sweb.env.x86_64.2baaea72acc974f6c02079:latest
django__django-11276,0.0,0.971830985915493,0.6666666666666666,0.0,0.0,0.0,1.0,1.0,1.0,0.0,1.0,0.1153846153846153,0.0,0.9945255474452556,0.1153846153846153,0.0,1.0,0.1153846153846153,1.0,1.0,1.0,15 min - 1 hour,2.76,sweb.env.x86_64.2baaea72acc974f6c02079:latest
django__django-11292,0.0,0.0,0.0,0.0,1.0,0.0,1.0,1.0,1.0,1.0,1.0,1.0,1.0,1.0,1.0,0.0,1.0,0.0,0.0,0.0,0.0,15 min - 1 hour,2.76,sweb.env.x86_64.2baaea72acc974f6c02079:latest
django__django-11299,0.0,1.0,0.0,0.0,1.0,0.0,0.0,1.0,0.0,0.0,1.0,0.0,0.0,0.0,0.0,0.0,1.0,0.0,0.0,1.0,,<15 min fix,2.76,sweb.env.x86_64.2baaea72acc974f6c02079:latest
django__django-11333,0.0,0.0,0.0,0.0,0.0,0.0,0.0,1.0,0.0,0.0,1.0,0.0,0.0,1.0,0.0,0.0,1.0,0.0,0.0,1.0,0.0,15 min - 1 hour,2.76,sweb.env.x86_64.2baaea72acc974f6c02079:latest
django__django-11400,0.0,1.0,0.3333333333333333,0.0,1.0,0.0,0.0,1.0,0.6666666666666666,0.0,1.0,0.6666666666666666,0.0,1.0,0.1666666666666666,0.0,1.0,0.0,0.0,1.0,0.3333333333333333,1-4 hours,2.76,sweb.env.x86_64.2baaea72acc974f6c02079:latest
django__django-11433,0.0,0.9859154929577464,0.0,0.0,1.0,0.0,0.0,1.0,0.0,0.0,1.0,0.0,0.0,0.9859154929577464,0.0,0.0,1.0,0.0,0.0,1.0,,<15 min fix,2.76,sweb.env.x86_64.2baaea72acc974f6c02079:latest
django__django-11451,1.0,1.0,1.0,0.0,0.9555555555555556,1.0,1.0,1.0,1.0,1.0,1.0,1.0,0.0,0.9777777777777776,1.0,0.0,0.9777777777777776,1.0,0.0,0.9777777777777776,1.0,<15 min fix,2.76,sweb.env.x86_64.2baaea72acc974f6c02079:latest
django__django-11477,0.0,1.0,0.0,0.0,1.0,0.0,0.0,1.0,0.0,0.0,1.0,0.0,0.0,1.0,0.0,0.0,1.0,0.0,0.0,1.0,0.0,15 min - 1 hour,2.76,sweb.env.x86_64.2baaea72acc974f6c02079:latest
django__django-11490,0.0,1.0,0.0,0.0,0.0,0.0,0.0,1.0,0.0,0.0,1.0,0.0,0.0,1.0,0.0,0.0,1.0,0.0,0.0,0.9047619047619048,0.0,<15 min fix,2.76,sweb.env.x86_64.2baaea72acc974f6c02079:latest
django__django-11532,1.0,1.0,1.0,0.0,1.0,,0.0,1.0,1.0,1.0,1.0,1.0,0.0,1.0,,0.0,0.0,0.0,0.0,1.0,,15 min - 1 hour,2.76,sweb.env.x86_64.2baaea72acc974f6c02079:latest
django__django-11551,0.0,1.0,0.0,0.0,1.0,0.0,1.0,1.0,1.0,0.0,1.0,0.0,0.0,0.9831932773109244,1.0,0.0,0.0,0.0,0.0,0.9915966386554622,1.0,15 min - 1 hour,2.76,sweb.env.x86_64.2baaea72acc974f6c02079:latest
django__django-11555,0.0,1.0,,0.0,1.0,,0.0,1.0,,0.0,1.0,,0.0,1.0,,0.0,1.0,,0.0,1.0,,<15 min fix,2.76,sweb.env.x86_64.2baaea72acc974f6c02079:latest
django__django-11603,1.0,1.0,1.0,1.0,1.0,1.0,1.0,1.0,1.0,1.0,1.0,1.0,1.0,1.0,1.0,1.0,1.0,1.0,1.0,1.0,1.0,<15 min fix,2.76,sweb.env.x86_64.2baaea72acc974f6c02079:latest
django__django-11728,0.0,0.9772727272727272,0.5,0.0,0.9772727272727272,0.5,0.0,0.9772727272727272,0.5,0.0,0.9772727272727272,0.5,0.0,0.9772727272727272,0.5,0.0,0.9772727272727272,0.5,0.0,0.9772727272727272,0.5,15 min - 1 hour,2.76,sweb.env.x86_64.2baaea72acc974f6c02079:latest
django__django-11734,0.0,1.0,,0.0,0.0,0.0,0.0,1.0,,0.0,1.0,,0.0,1.0,,0.0,1.0,,0.0,1.0,,15 min - 1 hour,2.76,sweb.env.x86_64.2baaea72acc974f6c02079:latest
django__django-11740,0.0,1.0,0.0,0.0,1.0,0.0,0.0,1.0,0.0,0.0,0.8476190476190476,0.0,0.0,1.0,0.0,0.0,1.0,0.0,0.0,1.0,0.0,15 min - 1 hour,2.76,sweb.env.x86_64.2baaea72acc974f6c02079:latest
django__django-11749,0.0,0.9090909090909092,,0.0,1.0,,0.0,1.0,,0.0,0.0,0.0,0.0,1.0,,0.0,1.0,,0.0,0.0,0.0,15 min - 1 hour,2.76,sweb.env.x86_64.2baaea72acc974f6c02079:latest
django__django-11790,0.0,1.0,0.0,0.0,1.0,0.0,1.0,1.0,1.0,1.0,1.0,1.0,0.0,0.0,0.0,0.0,1.0,0.0,0.0,1.0,0.0,15 min - 1 hour,2.76,sweb.env.x86_64.a18371b03f944585b4f08c:latest
django__django-11815,0.0,1.0,0.0,0.0,1.0,0.0,0.0,1.0,0.0,0.0,1.0,0.0,1.0,1.0,1.0,0.0,1.0,0.0,0.0,1.0,0.0,15 min - 1 hour,2.76,sweb.env.x86_64.a18371b03f944585b4f08c:latest
django__django-11820,0.0,1.0,0.0,0.0,1.0,0.0,0.0,1.0,0.0,0.0,1.0,0.5,0.0,1.0,0.0,0.0,0.8305084745762712,0.0,0.0,1.0,0.0,<15 min fix,2.76,sweb.env.x86_64.a18371b03f944585b4f08c:latest
django__django-11848,0.0,1.0,0.0,0.0,1.0,0.0,0.0,1.0,0.0,0.0,1.0,0.0,0.0,1.0,0.0,0.0,0.0,0.0,0.0,1.0,0.0,15 min - 1 hour,2.76,sweb.env.x86_64.a18371b03f944585b4f08c:latest
django__django-11880,1.0,1.0,1.0,0.0,1.0,0.0,1.0,1.0,1.0,1.0,1.0,1.0,1.0,1.0,1.0,0.0,1.0,,1.0,1.0,1.0,<15 min fix,2.76,sweb.env.x86_64.a18371b03f944585b4f08c:latest
django__django-11885,0.0,0.3333333333333333,,0.0,1.0,0.0,0.0,1.0,,0.0,1.0,0.0,0.0,1.0,,0.0,1.0,0.0,0.0,1.0,,1-4 hours,2.76,sweb.env.x86_64.a18371b03f944585b4f08c:latest
django__django-11951,1.0,1.0,1.0,0.0,1.0,0.0,1.0,1.0,1.0,1.0,1.0,1.0,1.0,1.0,1.0,0.0,1.0,0.0,0.0,0.0,0.0,<15 min fix,2.76,sweb.env.x86_64.a18371b03f944585b4f08c:latest
django__django-11964,0.0,1.0,0.0,0.0,1.0,0.0,1.0,1.0,1.0,0.0,1.0,0.0,0.0,0.9333333333333332,0.0,0.0,1.0,0.0,0.0,0.9333333333333332,0.0,<15 min fix,2.76,sweb.env.x86_64.a18371b03f944585b4f08c:latest
django__django-11999,0.0,1.0,0.0,0.0,1.0,0.0,0.0,1.0,0.0,0.0,0.0,0.0,0.0,1.0,,0.0,1.0,0.0,0.0,1.0,0.0,15 min - 1 hour,2.76,sweb.env.x86_64.a18371b03f944585b4f08c:latest
django__django-12039,0.0,1.0,0.0,0.0,1.0,0.0,0.0,1.0,0.0,0.0,1.0,0.0,0.0,1.0,0.0,0.0,1.0,0.0,0.0,1.0,0.0,15 min - 1 hour,2.76,sweb.env.x86_64.a18371b03f944585b4f08c:latest
django__django-12050,0.0,0.0,0.0,0.0,1.0,0.0,1.0,1.0,1.0,0.0,1.0,0.0,1.0,1.0,1.0,0.0,1.0,0.0,0.0,1.0,0.0,15 min - 1 hour,2.76,sweb.env.x86_64.a18371b03f944585b4f08c:latest
django__django-12125,0.0,1.0,0.0,0.0,1.0,0.0,0.0,0.9777777777777776,0.0,0.0,1.0,0.0,0.0,1.0,0.0,0.0,0.0,0.0,0.0,1.0,0.0,<15 min fix,2.76,sweb.env.x86_64.a18371b03f944585b4f08c:latest
django__django-12143,1.0,1.0,1.0,0.0,1.0,0.0,1.0,1.0,1.0,1.0,1.0,1.0,1.0,1.0,1.0,1.0,1.0,1.0,1.0,1.0,1.0,15 min - 1 hour,2.76,sweb.env.x86_64.a18371b03f944585b4f08c:latest
django__django-12155,1.0,1.0,1.0,1.0,1.0,1.0,1.0,1.0,1.0,1.0,1.0,1.0,1.0,1.0,1.0,0.0,1.0,0.0,1.0,1.0,1.0,15 min - 1 hour,2.76,sweb.env.x86_64.a18371b03f944585b4f08c:latest
django__django-12193,1.0,1.0,1.0,0.0,1.0,0.0,1.0,1.0,1.0,0.0,1.0,0.0,0.0,1.0,0.0,0.0,1.0,0.0,1.0,1.0,1.0,<15 min fix,2.76,sweb.env.x86_64.a18371b03f944585b4f08c:latest
django__django-12209,0.0,,,0.0,,,0.0,,,0.0,,,0.0,,,0.0,,,0.0,,,<15 min fix,2.76,sweb.env.x86_64.a18371b03f944585b4f08c:latest
django__django-12262,0.0,1.0,0.3333333333333333,0.0,1.0,0.0,0.0,0.0,0.0,1.0,1.0,1.0,0.0,0.0,0.0,0.0,0.0,0.0,0.0,1.0,0.0,15 min - 1 hour,2.76,sweb.env.x86_64.a18371b03f944585b4f08c:latest
django__django-12273,0.0,1.0,,0.0,1.0,,0.0,1.0,,0.0,1.0,,0.0,1.0,,0.0,1.0,,0.0,1.0,,15 min - 1 hour,2.76,sweb.env.x86_64.a18371b03f944585b4f08c:latest
django__django-12276,0.0,0.9743589743589745,1.0,0.0,0.0,0.0,1.0,1.0,1.0,1.0,1.0,1.0,1.0,1.0,1.0,0.0,1.0,0.0,0.0,0.9743589743589745,1.0,<15 min fix,2.76,sweb.env.x86_64.a18371b03f944585b4f08c:latest
django__django-12304,1.0,1.0,1.0,0.0,1.0,0.0,0.0,0.0,0.0,1.0,1.0,1.0,1.0,1.0,1.0,0.0,1.0,0.0,0.0,1.0,0.0,<15 min fix,2.76,sweb.env.x86_64.a18371b03f944585b4f08c:latest
django__django-12308,0.0,1.0,0.0,0.0,1.0,0.0,0.0,1.0,0.0,0.0,1.0,0.0,0.0,1.0,0.0,0.0,1.0,0.0,0.0,1.0,0.0,<15 min fix,2.76,sweb.env.x86_64.a18371b03f944585b4f08c:latest
django__django-12325,0.0,1.0,,0.0,1.0,,0.0,1.0,,0.0,1.0,1.0,0.0,1.0,,0.0,1.0,,0.0,1.0,,1-4 hours,2.76,sweb.env.x86_64.a18371b03f944585b4f08c:latest
django__django-12406,0.0,1.0,0.0,0.0,1.0,0.0,0.0,1.0,0.0,0.0,1.0,0.3333333333333333,0.0,1.0,0.0,0.0,1.0,1.0,0.0,1.0,0.0,15 min - 1 hour,2.76,sweb.env.x86_64.a18371b03f944585b4f08c:latest
django__django-12419,1.0,,1.0,0.0,,0.0,1.0,,1.0,0.0,,0.0,1.0,,1.0,0.0,,0.0,1.0,,1.0,<15 min fix,2.76,sweb.env.x86_64.a18371b03f944585b4f08c:latest
django__django-12663,0.0,1.0,,0.0,1.0,,0.0,1.0,,0.0,1.0,,0.0,1.0,,0.0,1.0,,0.0,1.0,,15 min - 1 hour,2.76,sweb.env.x86_64.a18371b03f944585b4f08c:latest
django__django-12708,0.0,1.0,,0.0,1.0,,0.0,1.0,0.0,0.0,1.0,,0.0,1.0,,0.0,1.0,,1.0,1.0,1.0,1-4 hours,2.76,sweb.env.x86_64.a18371b03f944585b4f08c:latest
django__django-12713,0.0,1.0,0.0,0.0,0.0,0.0,0.0,1.0,0.0,1.0,1.0,1.0,0.0,1.0,0.0,0.0,1.0,0.0,0.0,1.0,0.0,15 min - 1 hour,2.76,sweb.env.x86_64.a18371b03f944585b4f08c:latest
django__django-12741,0.0,0.9552238805970148,1.0,0.0,1.0,,1.0,1.0,1.0,0.0,0.9552238805970148,1.0,1.0,1.0,1.0,0.0,0.9552238805970148,,0.0,0.9552238805970148,1.0,<15 min fix,2.76,sweb.env.x86_64.a18371b03f944585b4f08c:latest
django__django-12754,0.0,1.0,0.0,0.0,1.0,0.0,0.0,1.0,0.0,0.0,1.0,0.0,0.0,1.0,0.0,0.0,1.0,0.0,0.0,1.0,0.0,15 min - 1 hour,2.76,sweb.env.x86_64.e83e37f52c09532c62acfb:latest
django__django-12774,0.0,1.0,,0.0,1.0,,0.0,0.951219512195122,,0.0,0.951219512195122,,0.0,0.951219512195122,,0.0,0.0,0.0,0.0,1.0,,15 min - 1 hour,2.76,sweb.env.x86_64.a18371b03f944585b4f08c:latest
django__django-12858,0.0,1.0,0.0,0.0,0.0,0.0,0.0,1.0,0.0,0.0,1.0,0.0,0.0,1.0,0.0,0.0,1.0,0.0,0.0,0.958904109589041,0.0,15 min - 1 hour,2.76,sweb.env.x86_64.a18371b03f944585b4f08c:latest
django__django-12965,0.0,1.0,0.0,0.0,1.0,0.0,0.0,0.9607843137254902,0.0,0.0,1.0,0.0,0.0,1.0,0.0,0.0,1.0,0.0,0.0,1.0,0.0,15 min - 1 hour,2.76,sweb.env.x86_64.e83e37f52c09532c62acfb:latest
django__django-13012,0.0,1.0,0.0,0.0,1.0,0.0,0.0,1.0,0.0,0.0,1.0,0.0,0.0,1.0,0.0,0.0,0.0,0.0,0.0,1.0,0.0,15 min - 1 hour,2.76,sweb.env.x86_64.e83e37f52c09532c62acfb:latest
django__django-13023,0.0,1.0,0.0,0.0,1.0,0.0,0.0,1.0,0.0,0.0,1.0,0.0,0.0,1.0,0.0,0.0,1.0,0.0,0.0,1.0,0.0,<15 min fix,2.76,sweb.env.x86_64.e83e37f52c09532c62acfb:latest
django__django-13028,0.0,1.0,,0.0,1.0,,0.0,1.0,,1.0,1.0,1.0,1.0,1.0,1.0,0.0,1.0,,1.0,1.0,1.0,15 min - 1 hour,2.76,sweb.env.x86_64.e83e37f52c09532c62acfb:latest
django__django-13033,0.0,1.0,0.0,0.0,0.0,0.0,0.0,1.0,0.0,0.0,1.0,0.0,0.0,1.0,0.0,0.0,1.0,0.0,0.0,1.0,0.0,15 min - 1 hour,2.76,sweb.env.x86_64.e83e37f52c09532c62acfb:latest
django__django-13089,1.0,1.0,1.0,0.0,0.0,0.0,1.0,1.0,1.0,1.0,1.0,1.0,0.0,1.0,,0.0,0.0,0.0,0.0,0.0,0.0,<15 min fix,2.76,sweb.env.x86_64.e83e37f52c09532c62acfb:latest
django__django-13109,1.0,1.0,1.0,1.0,1.0,1.0,1.0,1.0,1.0,1.0,1.0,1.0,1.0,1.0,1.0,0.0,1.0,0.0,1.0,1.0,1.0,<15 min fix,2.76,sweb.env.x86_64.e83e37f52c09532c62acfb:latest
django__django-13112,0.0,1.0,,0.0,1.0,,0.0,1.0,,0.0,1.0,,0.0,1.0,,0.0,1.0,,0.0,1.0,,<15 min fix,2.76,sweb.env.x86_64.e83e37f52c09532c62acfb:latest
django__django-13121,0.0,1.0,,0.0,1.0,,0.0,0.8690476190476191,0.0,0.0,1.0,,0.0,0.0,0.0,0.0,1.0,,0.0,0.994011976047904,0.0,15 min - 1 hour,2.76,sweb.env.x86_64.e83e37f52c09532c62acfb:latest
django__django-13128,0.0,1.0,,0.0,1.0,,0.0,1.0,,0.0,1.0,,0.0,1.0,,0.0,1.0,,0.0,1.0,,1-4 hours,2.76,sweb.env.x86_64.e83e37f52c09532c62acfb:latest
django__django-13158,0.0,1.0,0.0,0.0,1.0,0.0,1.0,1.0,1.0,0.0,1.0,0.0,0.0,1.0,0.0,0.0,1.0,0.0,0.0,1.0,0.0,15 min - 1 hour,2.76,sweb.env.x86_64.e83e37f52c09532c62acfb:latest
django__django-13195,0.0,1.0,0.0,0.0,0.9973821989528796,0.3333333333333333,0.0,1.0,0.0,0.0,1.0,0.0,0.0,0.9973821989528796,1.0,0.0,1.0,0.2,0.0,0.9973821989528796,1.0,15 min - 1 hour,2.76,sweb.env.x86_64.e83e37f52c09532c62acfb:latest
django__django-13212,0.0,1.0,0.4,0.0,1.0,0.0,0.0,1.0,0.0,0.0,1.0,0.2,0.0,1.0,0.0,0.0,0.0,0.0,0.0,1.0,0.0,1-4 hours,2.76,sweb.env.x86_64.e83e37f52c09532c62acfb:latest
django__django-13279,0.0,1.0,0.0,0.0,1.0,,0.0,0.9739884393063584,,1.0,1.0,1.0,0.0,1.0,,0.0,1.0,,0.0,1.0,0.0,15 min - 1 hour,2.76,sweb.env.x86_64.e83e37f52c09532c62acfb:latest
django__django-13297,0.0,0.9807692307692308,1.0,0.0,1.0,,0.0,0.9807692307692308,1.0,0.0,0.9807692307692308,1.0,0.0,1.0,,0.0,1.0,,0.0,1.0,,<15 min fix,2.76,sweb.env.x86_64.e83e37f52c09532c62acfb:latest
django__django-13315,0.0,1.0,0.0,0.0,1.0,0.0,0.0,0.0,0.0,1.0,1.0,1.0,0.0,1.0,0.0,0.0,1.0,0.0,0.0,1.0,0.0,15 min - 1 hour,2.76,sweb.env.x86_64.e83e37f52c09532c62acfb:latest
django__django-13343,0.0,1.0,0.0,0.0,1.0,,0.0,0.0,0.0,0.0,0.9846153846153848,1.0,0.0,1.0,0.0,0.0,0.0,0.0,0.0,0.0,0.0,15 min - 1 hour,2.76,sweb.env.x86_64.e83e37f52c09532c62acfb:latest
django__django-13344,0.0,1.0,0.0,0.0,1.0,0.0,0.0,1.0,0.0,0.0,1.0,0.0,0.0,1.0,0.0,0.0,1.0,0.0,0.0,1.0,0.0,1-4 hours,2.76,sweb.env.x86_64.e83e37f52c09532c62acfb:latest
django__django-13346,0.0,1.0,0.0,0.0,1.0,0.0,0.0,0.0,0.0,0.0,1.0,0.0,0.0,1.0,0.0,0.0,1.0,0.0,0.0,1.0,0.0,15 min - 1 hour,2.76,sweb.env.x86_64.e83e37f52c09532c62acfb:latest
django__django-13363,1.0,1.0,1.0,0.0,1.0,0.0,1.0,1.0,1.0,1.0,1.0,1.0,1.0,1.0,1.0,0.0,1.0,,1.0,1.0,1.0,<15 min fix,2.76,sweb.env.x86_64.e83e37f52c09532c62acfb:latest
django__django-13401,0.0,0.0,0.0,0.0,1.0,0.0,0.0,1.0,,0.0,1.0,0.0,0.0,1.0,,0.0,0.0,0.0,0.0,1.0,0.0,15 min - 1 hour,2.76,sweb.env.x86_64.e83e37f52c09532c62acfb:latest
django__django-13406,0.0,1.0,0.0,0.0,1.0,0.0,0.0,1.0,0.0,1.0,1.0,1.0,0.0,1.0,0.0,0.0,1.0,0.0,0.0,1.0,0.0,<15 min fix,2.76,sweb.env.x86_64.e83e37f52c09532c62acfb:latest
django__django-13410,1.0,1.0,1.0,1.0,1.0,1.0,1.0,1.0,1.0,1.0,1.0,1.0,1.0,1.0,1.0,1.0,1.0,1.0,0.0,0.0,0.0,<15 min fix,2.76,sweb.env.x86_64.e83e37f52c09532c62acfb:latest
django__django-13417,0.0,0.0,0.0,0.0,0.0,0.0,0.0,1.0,0.0,0.0,1.0,0.0,1.0,1.0,1.0,0.0,1.0,0.0,0.0,0.9921875,1.0,<15 min fix,2.76,sweb.env.x86_64.e83e37f52c09532c62acfb:latest
django__django-13449,0.0,1.0,,0.0,0.0,0.0,0.0,1.0,,1.0,1.0,1.0,0.0,0.0,0.0,0.0,1.0,,1.0,1.0,1.0,1-4 hours,2.76,sweb.env.x86_64.e83e37f52c09532c62acfb:latest
django__django-13512,0.0,1.0,0.0,0.0,1.0,0.0,0.0,1.0,0.0,0.0,0.0,0.0,0.0,1.0,0.0,0.0,1.0,0.6666666666666666,0.0,1.0,0.0,<15 min fix,2.76,sweb.env.x86_64.e83e37f52c09532c62acfb:latest
django__django-13513,0.0,1.0,0.0,0.0,1.0,0.0,0.0,1.0,0.0,0.0,1.0,0.0,0.0,1.0,0.0,0.0,0.0,0.0,0.0,1.0,0.0,15 min - 1 hour,2.76,sweb.env.x86_64.e83e37f52c09532c62acfb:latest
django__django-13516,0.0,1.0,0.0,0.0,1.0,0.0,1.0,1.0,1.0,1.0,1.0,1.0,0.0,1.0,0.0,0.0,1.0,0.0,0.0,1.0,0.0,15 min - 1 hour,2.76,sweb.env.x86_64.e83e37f52c09532c62acfb:latest
django__django-13551,0.0,1.0,0.0,0.0,1.0,0.0,0.0,1.0,0.0,0.0,1.0,0.0,0.0,1.0,0.0,0.0,1.0,0.0,0.0,1.0,0.0,<15 min fix,2.76,sweb.env.x86_64.e83e37f52c09532c62acfb:latest
django__django-13568,0.0,1.0,,0.0,1.0,0.0,0.0,0.9230769230769232,0.0,0.0,0.9230769230769232,1.0,0.0,0.9230769230769232,1.0,0.0,0.0,0.0,0.0,1.0,0.0,15 min - 1 hour,2.76,sweb.env.x86_64.e83e37f52c09532c62acfb:latest
django__django-13569,0.0,1.0,0.0,0.0,1.0,0.0,1.0,1.0,1.0,0.0,0.9803921568627452,,0.0,1.0,0.0,0.0,1.0,0.0,1.0,1.0,1.0,15 min - 1 hour,2.76,sweb.env.x86_64.e83e37f52c09532c62acfb:latest
django__django-13590,0.0,1.0,,0.0,1.0,,0.0,1.0,,0.0,1.0,,0.0,1.0,1.0,0.0,1.0,,0.0,1.0,,15 min - 1 hour,2.76,sweb.env.x86_64.e83e37f52c09532c62acfb:latest
django__django-13658,1.0,1.0,1.0,1.0,1.0,1.0,1.0,1.0,1.0,1.0,1.0,1.0,1.0,1.0,1.0,1.0,1.0,1.0,0.0,0.0,0.0,15 min - 1 hour,2.76,sweb.env.x86_64.e83e37f52c09532c62acfb:latest
django__django-13670,1.0,1.0,1.0,0.0,1.0,0.0,1.0,1.0,1.0,1.0,1.0,1.0,1.0,1.0,1.0,0.0,1.0,0.0,1.0,1.0,1.0,15 min - 1 hour,2.76,sweb.env.x86_64.e83e37f52c09532c62acfb:latest
django__django-13741,0.0,1.0,0.0,0.0,1.0,0.0,1.0,1.0,1.0,1.0,1.0,1.0,1.0,1.0,1.0,0.0,0.0,0.0,1.0,1.0,1.0,<15 min fix,2.76,sweb.env.x86_64.e83e37f52c09532c62acfb:latest
django__django-13786,1.0,1.0,1.0,0.0,1.0,0.0,0.0,1.0,0.0,1.0,1.0,1.0,1.0,1.0,1.0,0.0,0.9696969696969696,0.0,0.0,1.0,0.0,15 min - 1 hour,2.76,sweb.env.x86_64.e83e37f52c09532c62acfb:latest
django__django-13794,0.0,1.0,0.0,0.0,1.0,0.0,0.0,0.9583333333333334,0.0,0.0,1.0,0.0,0.0,1.0,0.0,0.0,1.0,,0.0,0.875,0.0,<15 min fix,2.76,sweb.env.x86_64.e83e37f52c09532c62acfb:latest
django__django-13807,0.0,1.0,,0.0,0.0,0.0,1.0,1.0,1.0,0.0,1.0,,0.0,1.0,,0.0,1.0,,0.0,1.0,,<15 min fix,2.76,sweb.env.x86_64.e83e37f52c09532c62acfb:latest
django__django-13809,1.0,1.0,1.0,0.0,0.0,0.0,0.0,0.9918367346938776,0.0,1.0,1.0,1.0,1.0,1.0,1.0,0.0,0.0,0.0,0.0,1.0,0.0,15 min - 1 hour,2.85,sweb.env.x86_64.297af196949a2a635bce66:latest
django__django-13810,0.0,1.0,,0.0,0.0,0.0,0.0,1.0,,1.0,1.0,1.0,0.0,1.0,,0.0,1.0,,0.0,1.0,0.0,15 min - 1 hour,2.76,sweb.env.x86_64.e83e37f52c09532c62acfb:latest
django__django-13820,0.0,0.9166666666666666,0.0,0.0,1.0,0.0,1.0,1.0,1.0,1.0,1.0,1.0,0.0,0.9166666666666666,0.0,1.0,1.0,1.0,1.0,1.0,1.0,15 min - 1 hour,2.76,sweb.env.x86_64.e83e37f52c09532c62acfb:latest
django__django-13821,1.0,1.0,1.0,0.0,0.0,0.0,1.0,1.0,1.0,1.0,1.0,1.0,0.0,1.0,0.0,0.0,0.0,0.0,1.0,1.0,1.0,<15 min fix,2.76,sweb.env.x86_64.e83e37f52c09532c62acfb:latest
django__django-13837,0.0,1.0,,0.0,0.0,0.0,0.0,1.0,0.0,1.0,1.0,1.0,1.0,1.0,1.0,0.0,1.0,,0.0,0.9649122807017544,0.0,1-4 hours,2.76,sweb.env.x86_64.e83e37f52c09532c62acfb:latest
django__django-13925,0.0,1.0,0.0,0.0,1.0,0.0,0.0,1.0,0.0,0.0,1.0,0.0,0.0,1.0,0.0,0.0,1.0,0.0,0.0,1.0,0.0,15 min - 1 hour,2.85,sweb.env.x86_64.297af196949a2a635bce66:latest
django__django-13933,0.0,1.0,0.0,0.0,1.0,0.0,0.0,1.0,0.0,0.0,1.0,0.0,0.0,1.0,0.0,0.0,,,0.0,1.0,0.0,<15 min fix,2.85,sweb.env.x86_64.297af196949a2a635bce66:latest
django__django-13964,0.0,1.0,,0.0,1.0,,0.0,1.0,,0.0,0.0,0.0,0.0,1.0,,0.0,1.0,,0.0,1.0,,15 min - 1 hour,2.86,sweb.env.x86_64.297af196949a2a635bce66:latest
django__django-14007,0.0,1.0,0.0,0.0,1.0,0.0,0.0,1.0,0.0,0.0,1.0,0.0,0.0,1.0,0.0,0.0,1.0,0.0,0.0,1.0,0.0,1-4 hours,2.86,sweb.env.x86_64.297af196949a2a635bce66:latest
django__django-14011,0.0,1.0,0.0,0.0,1.0,0.0,0.0,1.0,0.0,0.0,1.0,0.0,0.0,1.0,0.0,0.0,1.0,0.0,0.0,1.0,0.0,1-4 hours,2.86,sweb.env.x86_64.297af196949a2a635bce66:latest
django__django-14017,0.0,1.0,,0.0,1.0,,0.0,0.9863945578231292,,0.0,1.0,,0.0,1.0,,0.0,1.0,,0.0,1.0,,15 min - 1 hour,2.86,sweb.env.x86_64.297af196949a2a635bce66:latest
django__django-14034,0.0,1.0,0.0,0.0,1.0,0.0,0.0,1.0,0.0,0.0,1.0,0.0,0.0,1.0,0.0,0.0,1.0,0.0,0.0,1.0,0.0,15 min - 1 hour,2.86,sweb.env.x86_64.297af196949a2a635bce66:latest
django__django-14053,0.0,0.9032258064516128,1.0,0.0,1.0,0.0,0.0,1.0,0.0,1.0,1.0,1.0,0.0,1.0,0.0,0.0,0.0,0.0,0.0,1.0,0.0,15 min - 1 hour,2.86,sweb.env.x86_64.297af196949a2a635bce66:latest
django__django-14089,1.0,1.0,1.0,1.0,1.0,1.0,1.0,1.0,1.0,1.0,1.0,1.0,1.0,1.0,1.0,1.0,1.0,1.0,1.0,1.0,1.0,<15 min fix,2.86,sweb.env.x86_64.297af196949a2a635bce66:latest
django__django-14122,0.0,1.0,0.0,0.0,1.0,0.0,0.0,1.0,0.0,1.0,1.0,1.0,0.0,1.0,0.0,0.0,1.0,0.0,0.0,1.0,0.0,15 min - 1 hour,2.86,sweb.env.x86_64.297af196949a2a635bce66:latest
django__django-14140,0.0,1.0,0.0,0.0,1.0,0.0,1.0,1.0,1.0,0.0,1.0,0.5,0.0,1.0,0.5,0.0,1.0,0.0,0.0,1.0,0.0,15 min - 1 hour,2.86,sweb.env.x86_64.297af196949a2a635bce66:latest
django__django-14155,0.0,1.0,0.0,0.0,1.0,0.0,0.0,1.0,0.0,0.0,1.0,0.0,0.0,1.0,0.0,0.0,0.0,0.0,0.0,1.0,0.0,15 min - 1 hour,2.86,sweb.env.x86_64.297af196949a2a635bce66:latest
django__django-14170,0.0,1.0,0.0,0.0,1.0,0.0,0.0,1.0,0.0,0.0,0.881578947368421,1.0,0.0,1.0,0.0,0.0,1.0,0.0,0.0,1.0,0.0,15 min - 1 hour,2.86,sweb.env.x86_64.297af196949a2a635bce66:latest
django__django-14238,0.0,0.9743589743589745,0.0,0.0,0.9743589743589745,0.0,1.0,1.0,1.0,0.0,0.9743589743589745,0.0,0.0,0.9743589743589745,0.0,0.0,0.0,0.0,0.0,0.972972972972973,0.0,15 min - 1 hour,2.86,sweb.env.x86_64.297af196949a2a635bce66:latest
django__django-14311,0.0,0.9491525423728814,1.0,0.0,1.0,0.0,0.0,0.9491525423728814,0.0,0.0,0.9491525423728814,1.0,0.0,0.9491525423728814,1.0,0.0,1.0,0.0,0.0,0.9491525423728814,1.0,15 min - 1 hour,2.86,sweb.env.x86_64.297af196949a2a635bce66:latest
django__django-14315,0.0,,0.0,0.0,,0.0,0.0,,0.8181818181818182,0.0,,0.6363636363636364,0.0,,0.5,0.0,,0.6363636363636364,0.0,,0.5,<15 min fix,2.86,sweb.env.x86_64.297af196949a2a635bce66:latest
django__django-14349,0.0,0.9444444444444444,0.0,0.0,0.9444444444444444,0.0,0.0,0.9444444444444444,0.0,1.0,1.0,1.0,1.0,1.0,1.0,0.0,0.9444444444444444,0.0,0.0,0.0,0.0,15 min - 1 hour,2.86,sweb.env.x86_64.297af196949a2a635bce66:latest
django__django-14351,0.0,1.0,,0.0,1.0,,0.0,1.0,,0.0,1.0,,0.0,1.0,,0.0,1.0,,0.0,1.0,,15 min - 1 hour,2.86,sweb.env.x86_64.297af196949a2a635bce66:latest
django__django-14373,1.0,1.0,1.0,1.0,1.0,1.0,1.0,1.0,1.0,1.0,1.0,1.0,1.0,1.0,1.0,1.0,1.0,1.0,1.0,1.0,1.0,<15 min fix,2.86,sweb.env.x86_64.297af196949a2a635bce66:latest
django__django-14376,0.0,1.0,0.0,0.0,1.0,0.0,0.0,1.0,0.0,0.0,1.0,0.0,0.0,1.0,0.0,0.0,1.0,0.0,0.0,1.0,0.0,<15 min fix,2.86,sweb.env.x86_64.297af196949a2a635bce66:latest
django__django-14404,0.0,1.0,0.0,0.0,1.0,0.0,0.0,1.0,0.0,0.0,1.0,0.0,0.0,1.0,0.0,0.0,1.0,0.0,0.0,1.0,0.0,<15 min fix,2.86,sweb.env.x86_64.297af196949a2a635bce66:latest
django__django-14434,0.0,0.0,0.0,0.0,0.0,0.0,0.0,1.0,0.0,0.0,1.0,0.0,0.0,1.0,0.0,0.0,1.0,0.0,0.0,1.0,0.0,15 min - 1 hour,2.86,sweb.env.x86_64.297af196949a2a635bce66:latest
django__django-14493,0.0,0.0,0.0,0.0,1.0,0.0,0.0,0.1666666666666666,1.0,1.0,1.0,1.0,1.0,1.0,1.0,0.0,0.0,0.0,0.0,1.0,,<15 min fix,2.86,sweb.env.x86_64.297af196949a2a635bce66:latest
django__django-14500,0.0,0.0,0.0,0.0,1.0,,0.0,1.0,0.0,0.0,1.0,0.0,1.0,1.0,1.0,0.0,1.0,0.0,0.0,1.0,0.0,15 min - 1 hour,2.86,sweb.env.x86_64.297af196949a2a635bce66:latest
django__django-14534,0.0,1.0,0.0,0.0,1.0,1.0,0.0,1.0,1.0,0.0,1.0,1.0,0.0,1.0,0.5,0.0,1.0,0.0,0.0,1.0,0.5,<15 min fix,2.86,sweb.env.x86_64.297af196949a2a635bce66:latest
django__django-14539,0.0,1.0,0.0,0.0,1.0,0.0,0.0,1.0,0.0,1.0,1.0,1.0,0.0,1.0,0.0,0.0,1.0,0.0,0.0,1.0,0.0,<15 min fix,2.86,sweb.env.x86_64.297af196949a2a635bce66:latest
django__django-14559,0.0,0.9565217391304348,0.0,0.0,0.7777777777777778,0.0,1.0,1.0,1.0,0.0,0.8695652173913043,1.0,0.0,1.0,0.6666666666666666,0.0,0.0,0.0,0.0,1.0,0.6666666666666666,15 min - 1 hour,2.86,sweb.env.x86_64.297af196949a2a635bce66:latest
django__django-14580,0.0,0.9591836734693876,0.0,0.0,1.0,0.0,0.0,1.0,0.0,0.0,0.979591836734694,0.0,0.0,0.0,0.0,0.0,0.979591836734694,0.0,0.0,0.0,0.0,<15 min fix,2.86,sweb.env.x86_64.297af196949a2a635bce66:latest
django__django-14608,1.0,1.0,1.0,0.0,0.9898477157360406,0.0,1.0,1.0,1.0,0.0,1.0,0.0,1.0,1.0,1.0,0.0,0.9973333333333332,,0.0,0.8762886597938144,0.0,<15 min fix,2.86,sweb.env.x86_64.297af196949a2a635bce66:latest
django__django-14631,0.0,0.0,0.0,0.0,0.0,0.0,0.0,1.0,0.0,0.0,1.0,0.0,0.0,0.0,0.0,0.0,0.0,0.0,0.0,0.0,0.0,1-4 hours,2.86,sweb.env.x86_64.297af196949a2a635bce66:latest
django__django-14672,1.0,,1.0,1.0,,1.0,1.0,,1.0,1.0,,1.0,0.0,,0.9940476190476192,0.0,,0.0,1.0,,1.0,15 min - 1 hour,2.86,sweb.env.x86_64.297af196949a2a635bce66:latest
django__django-14725,0.0,1.0,,0.0,1.0,,0.0,1.0,,0.0,1.0,,0.0,1.0,,0.0,1.0,,0.0,1.0,,15 min - 1 hour,2.89,sweb.env.x86_64.934a137824256b612e9dc5:latest
django__django-14752,0.0,0.0,0.0,1.0,1.0,1.0,1.0,1.0,1.0,1.0,1.0,1.0,1.0,1.0,1.0,0.0,0.0,0.0,1.0,1.0,1.0,<15 min fix,2.86,sweb.env.x86_64.297af196949a2a635bce66:latest
django__django-14765,1.0,1.0,1.0,0.0,1.0,0.0,1.0,1.0,1.0,1.0,1.0,1.0,0.0,1.0,0.0,1.0,1.0,1.0,1.0,1.0,1.0,<15 min fix,2.86,sweb.env.x86_64.297af196949a2a635bce66:latest
django__django-14771,0.0,0.9666666666666668,0.0,0.0,1.0,0.0,0.0,1.0,,0.0,1.0,0.0,0.0,1.0,0.0,0.0,0.0,0.0,0.0,1.0,0.0,15 min - 1 hour,2.88,sweb.env.x86_64.934a137824256b612e9dc5:latest
django__django-14787,0.0,1.0,0.0,0.0,0.8947368421052632,0.0,0.0,1.0,0.0,0.0,1.0,0.0,0.0,1.0,0.0,0.0,1.0,0.0,0.0,0.0,0.0,<15 min fix,2.88,sweb.env.x86_64.934a137824256b612e9dc5:latest
django__django-14792,0.0,1.0,0.0,0.0,0.0,0.0,0.0,1.0,0.0,0.0,1.0,0.0,0.0,1.0,0.0,1.0,1.0,1.0,0.0,1.0,0.0,<15 min fix,2.86,sweb.env.x86_64.297af196949a2a635bce66:latest
django__django-14855,1.0,1.0,1.0,1.0,1.0,1.0,1.0,1.0,1.0,0.0,0.0,0.0,1.0,1.0,1.0,1.0,1.0,1.0,1.0,1.0,1.0,<15 min fix,2.86,sweb.env.x86_64.297af196949a2a635bce66:latest
django__django-14915,0.0,1.0,,0.0,1.0,,1.0,1.0,1.0,0.0,1.0,,0.0,1.0,,0.0,1.0,,0.0,1.0,,<15 min fix,2.88,sweb.env.x86_64.934a137824256b612e9dc5:latest
django__django-14999,0.0,1.0,0.0,0.0,1.0,0.0,1.0,1.0,1.0,0.0,1.0,0.0,0.0,0.9722222222222222,1.0,0.0,1.0,0.0,0.0,1.0,0.0,<15 min fix,2.88,sweb.env.x86_64.934a137824256b612e9dc5:latest
django__django-15022,0.0,1.0,0.0,0.0,1.0,0.0,0.0,1.0,0.0,0.0,1.0,0.3333333333333333,0.0,1.0,0.0,0.0,0.9821428571428572,0.0,0.0,1.0,0.0,15 min - 1 hour,2.89,sweb.env.x86_64.934a137824256b612e9dc5:latest
django__django-15037,0.0,1.0,0.0,0.0,1.0,0.0,1.0,1.0,1.0,0.0,1.0,0.0,0.0,1.0,0.0,0.0,1.0,0.0,0.0,1.0,0.0,15 min - 1 hour,2.88,sweb.env.x86_64.934a137824256b612e9dc5:latest
django__django-15098,0.0,1.0,0.0,0.0,1.0,0.0,0.0,1.0,0.0,1.0,1.0,1.0,0.0,1.0,0.0,0.0,0.0,0.0,0.0,1.0,0.0,15 min - 1 hour,2.88,sweb.env.x86_64.934a137824256b612e9dc5:latest
django__django-15103,0.0,1.0,1.0,0.0,1.0,,0.0,1.0,,1.0,1.0,1.0,0.0,1.0,0.0,0.0,1.0,0.0,0.0,1.0,,15 min - 1 hour,2.88,sweb.env.x86_64.934a137824256b612e9dc5:latest
django__django-15104,1.0,1.0,1.0,0.0,1.0,,1.0,1.0,1.0,1.0,1.0,1.0,1.0,1.0,1.0,0.0,1.0,,1.0,1.0,1.0,<15 min fix,2.88,sweb.env.x86_64.934a137824256b612e9dc5:latest
django__django-15127,0.0,1.0,0.0,0.0,1.0,0.0,1.0,1.0,1.0,0.0,1.0,0.0,0.0,1.0,0.0,0.0,1.0,0.0,0.0,1.0,0.0,<15 min fix,2.88,sweb.env.x86_64.934a137824256b612e9dc5:latest
django__django-15128,0.0,1.0,0.0,0.0,1.0,0.0,0.0,1.0,0.0,0.0,1.0,0.0,0.0,1.0,0.0,0.0,1.0,0.0,0.0,1.0,0.0,1-4 hours,2.89,sweb.env.x86_64.934a137824256b612e9dc5:latest
django__django-15161,0.0,1.0,0.0,0.0,1.0,0.0,0.0,1.0,0.0,0.0,1.0,0.0,0.0,1.0,0.0,0.0,0.0,0.0,0.0,1.0,0.0,15 min - 1 hour,2.89,sweb.env.x86_64.934a137824256b612e9dc5:latest
django__django-15252,0.0,1.0,0.0,0.0,1.0,0.0,0.0,1.0,0.0,1.0,1.0,1.0,0.0,1.0,0.0,0.0,0.0,0.0,0.0,1.0,0.0,15 min - 1 hour,2.89,sweb.env.x86_64.934a137824256b612e9dc5:latest
django__django-15268,0.0,0.9923076923076924,1.0,0.0,0.0,0.0,0.0,0.9692307692307692,1.0,0.0,0.84,,0.0,0.0,0.0,0.0,1.0,0.0,0.0,0.0,0.0,1-4 hours,2.89,sweb.env.x86_64.934a137824256b612e9dc5:latest
django__django-15277,0.0,0.0,0.0,0.0,1.0,0.0,1.0,1.0,1.0,1.0,1.0,1.0,1.0,1.0,1.0,0.0,0.0,0.0,0.0,0.0,0.0,<15 min fix,2.89,sweb.env.x86_64.934a137824256b612e9dc5:latest
django__django-15278,0.0,1.0,,0.0,1.0,,0.0,1.0,,0.0,1.0,,0.0,1.0,,0.0,1.0,,0.0,1.0,,15 min - 1 hour,2.89,sweb.env.x86_64.934a137824256b612e9dc5:latest
django__django-15280,0.0,1.0,0.0,0.0,1.0,0.0,0.0,1.0,0.0,0.0,1.0,0.0,0.0,1.0,0.0,0.0,1.0,0.0,0.0,1.0,0.0,15 min - 1 hour,2.89,sweb.env.x86_64.934a137824256b612e9dc5:latest
django__django-15315,0.0,0.0,0.0,1.0,1.0,1.0,0.0,1.0,0.0,0.0,1.0,0.0,1.0,1.0,1.0,0.0,1.0,0.0,0.0,1.0,0.0,<15 min fix,2.89,sweb.env.x86_64.934a137824256b612e9dc5:latest
django__django-15368,1.0,1.0,1.0,0.0,1.0,0.0,1.0,1.0,1.0,1.0,1.0,1.0,1.0,1.0,1.0,0.0,1.0,0.0,1.0,1.0,1.0,<15 min fix,2.89,sweb.env.x86_64.934a137824256b612e9dc5:latest
django__django-15375,0.0,1.0,,0.0,1.0,,0.0,1.0,,0.0,1.0,,0.0,1.0,,0.0,1.0,,0.0,1.0,,15 min - 1 hour,2.89,sweb.env.x86_64.934a137824256b612e9dc5:latest
django__django-15380,0.0,0.7647058823529411,,0.0,1.0,,1.0,1.0,1.0,1.0,1.0,1.0,0.0,1.0,,0.0,0.0,0.0,1.0,1.0,1.0,<15 min fix,2.89,sweb.env.x86_64.934a137824256b612e9dc5:latest
django__django-15382,0.0,1.0,0.0,0.0,1.0,0.0,0.0,0.9565217391304348,0.0,0.0,1.0,0.0,0.0,1.0,0.0,0.0,1.0,0.0,0.0,1.0,0.0,15 min - 1 hour,2.89,sweb.env.x86_64.934a137824256b612e9dc5:latest
django__django-15467,1.0,1.0,1.0,0.0,1.0,0.0,1.0,1.0,1.0,1.0,1.0,1.0,0.0,1.0,0.0,1.0,1.0,1.0,1.0,1.0,1.0,<15 min fix,2.89,sweb.env.x86_64.934a137824256b612e9dc5:latest
django__django-15499,0.0,0.8571428571428571,0.0,0.0,1.0,0.0,0.0,0.0,0.0,1.0,1.0,1.0,0.0,0.0,0.0,0.0,1.0,0.0,0.0,1.0,0.0,<15 min fix,2.89,sweb.env.x86_64.934a137824256b612e9dc5:latest
django__django-15503,0.0,1.0,0.0,0.0,1.0,0.0,0.0,1.0,0.0,0.0,0.935897435897436,0.0,0.0,1.0,0.0,0.0,1.0,0.0,0.0,0.9342105263157896,0.0,1-4 hours,2.89,sweb.env.x86_64.934a137824256b612e9dc5:latest
django__django-15525,0.0,1.0,,0.0,1.0,,0.0,1.0,,0.0,1.0,,0.0,1.0,,0.0,1.0,,0.0,1.0,,15 min - 1 hour,2.89,sweb.env.x86_64.934a137824256b612e9dc5:latest
django__django-15554,0.0,1.0,0.0,0.0,0.0,0.0,0.0,1.0,0.0,0.0,1.0,0.0,0.0,1.0,0.0,0.0,1.0,0.0,0.0,1.0,0.0,15 min - 1 hour,2.89,sweb.env.x86_64.934a137824256b612e9dc5:latest
django__django-15561,0.0,0.0,0.0,0.0,1.0,0.0,0.0,0.0,0.0,0.0,0.0,0.0,0.0,1.0,0.0,0.0,1.0,0.0,0.0,1.0,0.0,15 min - 1 hour,2.89,sweb.env.x86_64.934a137824256b612e9dc5:latest
django__django-15563,0.0,1.0,0.0,0.0,1.0,0.0,0.0,1.0,0.0,0.0,1.0,0.0,0.0,1.0,0.0,0.0,1.0,0.0,0.0,1.0,0.0,15 min - 1 hour,2.89,sweb.env.x86_64.934a137824256b612e9dc5:latest
django__django-15569,1.0,1.0,1.0,0.0,1.0,0.0,1.0,1.0,1.0,1.0,1.0,1.0,1.0,1.0,1.0,1.0,1.0,1.0,1.0,1.0,1.0,<15 min fix,2.89,sweb.env.x86_64.934a137824256b612e9dc5:latest
django__django-15572,0.0,1.0,0.0,0.0,1.0,0.0,0.0,1.0,0.0,1.0,1.0,1.0,1.0,1.0,1.0,0.0,1.0,0.0,0.0,1.0,0.0,<15 min fix,2.89,sweb.env.x86_64.934a137824256b612e9dc5:latest
django__django-15629,0.0,0.0,0.0,0.0,1.0,0.0,0.0,1.0,0.0,0.0,1.0,0.0,0.0,1.0,0.0,0.0,1.0,0.0,0.0,1.0,0.0,1-4 hours,2.89,sweb.env.x86_64.934a137824256b612e9dc5:latest
django__django-15695,0.0,1.0,,0.0,1.0,,0.0,1.0,,0.0,1.0,0.0,0.0,1.0,,0.0,1.0,,0.0,1.0,,15 min - 1 hour,2.89,sweb.env.x86_64.934a137824256b612e9dc5:latest
django__django-15731,0.0,0.0,0.0,0.0,0.0,0.0,1.0,1.0,1.0,1.0,1.0,1.0,1.0,1.0,1.0,1.0,1.0,1.0,1.0,1.0,1.0,15 min - 1 hour,2.89,sweb.env.x86_64.a33dddf55cdff5d8e23374:latest
django__django-15732,0.0,0.0,0.0,0.0,1.0,,0.0,0.992,,0.0,1.0,,0.0,1.0,,0.0,1.0,,0.0,1.0,,15 min - 1 hour,2.89,sweb.env.x86_64.a33dddf55cdff5d8e23374:latest
django__django-15741,0.0,0.9625,,0.0,1.0,,0.0,1.0,,1.0,1.0,1.0,1.0,1.0,1.0,0.0,0.0,0.0,0.0,1.0,,<15 min fix,2.89,sweb.env.x86_64.a33dddf55cdff5d8e23374:latest
django__django-15814,1.0,1.0,1.0,0.0,1.0,,0.0,1.0,,0.0,1.0,,1.0,1.0,1.0,0.0,1.0,,1.0,1.0,1.0,15 min - 1 hour,2.89,sweb.env.x86_64.a33dddf55cdff5d8e23374:latest
django__django-15851,1.0,1.0,1.0,0.0,1.0,0.0,1.0,1.0,1.0,1.0,1.0,1.0,1.0,1.0,1.0,0.0,0.125,0.0,1.0,1.0,1.0,<15 min fix,2.89,sweb.env.x86_64.a33dddf55cdff5d8e23374:latest
django__django-15863,0.0,1.0,0.0,0.0,1.0,0.0,0.0,0.7777777777777778,0.0,1.0,1.0,1.0,0.0,1.0,0.0,0.0,1.0,0.0,0.0,0.8888888888888888,1.0,<15 min fix,2.89,sweb.env.x86_64.a33dddf55cdff5d8e23374:latest
django__django-15916,0.0,1.0,0.5,0.0,1.0,0.0,1.0,1.0,1.0,0.0,1.0,0.5,0.0,1.0,0.0,0.0,1.0,0.5,0.0,0.0,0.0,15 min - 1 hour,2.89,sweb.env.x86_64.a33dddf55cdff5d8e23374:latest
django__django-15930,0.0,1.0,,0.0,1.0,,0.0,1.0,,0.0,1.0,,0.0,1.0,,0.0,1.0,,0.0,1.0,,<15 min fix,2.89,sweb.env.x86_64.a33dddf55cdff5d8e23374:latest
django__django-15957,0.0,1.0,,0.0,0.0,0.0,0.0,1.0,,0.0,1.0,,0.0,1.0,,0.0,1.0,,0.0,1.0,,1-4 hours,2.89,sweb.env.x86_64.a33dddf55cdff5d8e23374:latest
django__django-15973,0.0,1.0,0.0,0.0,1.0,0.0,0.0,0.0,0.0,0.0,0.0,0.0,0.0,1.0,0.0,0.0,1.0,0.0,0.0,1.0,0.0,15 min - 1 hour,2.89,sweb.env.x86_64.a33dddf55cdff5d8e23374:latest
django__django-15987,0.0,0.9807692307692308,0.0,1.0,1.0,1.0,1.0,1.0,1.0,0.0,1.0,0.0,1.0,1.0,1.0,0.0,0.9473684210526316,,0.0,1.0,,<15 min fix,2.89,sweb.env.x86_64.a33dddf55cdff5d8e23374:latest
django__django-16032,0.0,1.0,,0.0,1.0,,0.0,1.0,,0.0,1.0,,0.0,1.0,,0.0,1.0,,0.0,1.0,,15 min - 1 hour,2.89,sweb.env.x86_64.a33dddf55cdff5d8e23374:latest
django__django-16082,0.0,1.0,0.0,0.0,1.0,0.0,0.0,1.0,0.0,1.0,1.0,1.0,1.0,1.0,1.0,0.0,1.0,0.0,0.0,1.0,0.0,15 min - 1 hour,2.89,sweb.env.x86_64.a33dddf55cdff5d8e23374:latest
django__django-16100,0.0,1.0,0.0,0.0,1.0,0.0,0.0,0.9830508474576272,0.0,0.0,1.0,0.0,0.0,0.75,,0.0,0.0,0.0,0.0,0.0,0.0,<15 min fix,2.89,sweb.env.x86_64.a33dddf55cdff5d8e23374:latest
django__django-16116,0.0,1.0,0.0,0.0,1.0,0.0,0.0,1.0,0.0,0.0,1.0,0.0,0.0,1.0,0.0,0.0,0.0,0.0,0.0,1.0,0.0,<15 min fix,2.89,sweb.env.x86_64.a33dddf55cdff5d8e23374:latest
django__django-16136,0.0,0.0,0.0,0.0,1.0,0.0,0.0,1.0,0.0,1.0,1.0,1.0,0.0,1.0,0.0,0.0,1.0,0.0,0.0,1.0,0.0,15 min - 1 hour,2.89,sweb.env.x86_64.a33dddf55cdff5d8e23374:latest
django__django-16139,1.0,1.0,1.0,0.0,1.0,0.0,1.0,1.0,1.0,1.0,1.0,1.0,1.0,1.0,1.0,0.0,1.0,0.0,1.0,1.0,1.0,<15 min fix,2.89,sweb.env.x86_64.a33dddf55cdff5d8e23374:latest
django__django-16145,0.0,1.0,0.0,1.0,1.0,1.0,1.0,1.0,1.0,0.0,1.0,0.0,0.0,0.0,0.0,1.0,1.0,1.0,1.0,1.0,1.0,<15 min fix,2.89,sweb.env.x86_64.a33dddf55cdff5d8e23374:latest
django__django-16255,1.0,1.0,1.0,0.0,1.0,,1.0,1.0,1.0,1.0,1.0,1.0,1.0,1.0,1.0,1.0,1.0,1.0,1.0,1.0,1.0,<15 min fix,2.89,sweb.env.x86_64.a33dddf55cdff5d8e23374:latest
django__django-16256,0.0,0.0,0.0,0.0,0.0,0.0,0.0,1.0,0.6,0.0,1.0,0.0,0.0,0.0,0.0,0.0,0.0,0.0,0.0,1.0,0.0,15 min - 1 hour,2.89,sweb.env.x86_64.a33dddf55cdff5d8e23374:latest
django__django-16263,0.0,0.99,0.6666666666666666,0.0,1.0,0.0,0.0,1.0,0.0,0.0,1.0,0.0,0.0,1.0,0.0,0.0,0.6785714285714286,0.0,0.0,1.0,0.0,1-4 hours,2.89,sweb.env.x86_64.a33dddf55cdff5d8e23374:latest
django__django-16315,0.0,0.0,0.0,0.0,0.0,0.0,0.0,0.0,0.0,0.0,1.0,,0.0,1.0,,0.0,1.0,,0.0,1.0,,15 min - 1 hour,2.89,sweb.env.x86_64.a33dddf55cdff5d8e23374:latest
django__django-16333,1.0,1.0,1.0,0.0,0.0,0.0,1.0,1.0,1.0,1.0,1.0,1.0,1.0,1.0,1.0,1.0,1.0,1.0,1.0,1.0,1.0,<15 min fix,2.89,sweb.env.x86_64.a33dddf55cdff5d8e23374:latest
django__django-16429,1.0,1.0,1.0,0.0,1.0,0.3333333333333333,1.0,1.0,1.0,1.0,1.0,1.0,1.0,1.0,1.0,0.0,0.0,0.0,1.0,1.0,1.0,<15 min fix,2.89,sweb.env.x86_64.a33dddf55cdff5d8e23374:latest
django__django-16454,0.0,1.0,0.0,0.0,0.0,0.0,0.0,0.90625,0.0,0.0,1.0,0.0,0.0,0.0,0.0,0.0,0.0,0.0,0.0,1.0,0.0,15 min - 1 hour,2.95,sweb.env.x86_64.c70909fdac4897d1c685df:latest
django__django-16485,0.0,1.0,,0.0,1.0,,1.0,1.0,1.0,1.0,1.0,1.0,0.0,1.0,,0.0,0.0,0.0,0.0,0.7777777777777778,,15 min - 1 hour,2.95,sweb.env.x86_64.c70909fdac4897d1c685df:latest
django__django-16493,0.0,1.0,,0.0,1.0,,0.0,0.989010989010989,,1.0,1.0,1.0,1.0,1.0,1.0,0.0,0.0,0.0,1.0,1.0,1.0,15 min - 1 hour,2.95,sweb.env.x86_64.c70909fdac4897d1c685df:latest
django__django-16502,0.0,1.0,0.0,0.0,1.0,0.0,0.0,1.0,0.0,0.0,1.0,,0.0,0.0,0.0,0.0,1.0,0.0,0.0,1.0,0.0,15 min - 1 hour,2.95,sweb.env.x86_64.c70909fdac4897d1c685df:latest
django__django-16527,1.0,1.0,1.0,1.0,1.0,1.0,1.0,1.0,1.0,1.0,1.0,1.0,1.0,1.0,1.0,1.0,1.0,1.0,1.0,1.0,1.0,15 min - 1 hour,2.95,sweb.env.x86_64.c70909fdac4897d1c685df:latest
django__django-16560,0.0,1.0,0.0,0.0,1.0,0.0,0.0,1.0,0.0,0.0,1.0,0.3333333333333333,0.0,0.0,0.0,0.0,1.0,0.0,0.0,1.0,0.0,1-4 hours,2.95,sweb.env.x86_64.c70909fdac4897d1c685df:latest
django__django-16569,1.0,1.0,1.0,1.0,1.0,1.0,1.0,1.0,1.0,1.0,1.0,1.0,1.0,1.0,1.0,1.0,1.0,1.0,1.0,1.0,1.0,<15 min fix,2.95,sweb.env.x86_64.c70909fdac4897d1c685df:latest
django__django-16595,0.0,0.0,0.0,0.0,0.0,0.0,1.0,1.0,1.0,1.0,1.0,1.0,0.0,0.0,0.0,0.0,0.0,0.0,1.0,1.0,1.0,<15 min fix,2.95,sweb.env.x86_64.c70909fdac4897d1c685df:latest
django__django-16612,0.0,1.0,1.0,0.0,1.0,0.0,1.0,1.0,1.0,0.0,1.0,0.0,0.0,0.0,0.0,1.0,1.0,1.0,1.0,1.0,1.0,15 min - 1 hour,2.95,sweb.env.x86_64.c70909fdac4897d1c685df:latest
django__django-16631,0.0,0.0,0.0,0.0,1.0,0.0,0.0,1.0,0.0,0.0,1.0,0.0,0.0,1.0,0.0,0.0,1.0,0.0,0.0,1.0,0.0,1-4 hours,2.95,sweb.env.x86_64.c70909fdac4897d1c685df:latest
django__django-16642,0.0,1.0,0.0,0.0,1.0,0.0,0.0,1.0,0.0,0.0,1.0,0.0,0.0,1.0,0.0,0.0,1.0,0.0,0.0,1.0,0.0,<15 min fix,2.95,sweb.env.x86_64.c70909fdac4897d1c685df:latest
django__django-16661,0.0,1.0,0.0,0.0,1.0,0.0,0.0,1.0,,0.0,1.0,0.0,0.0,1.0,0.0,0.0,1.0,0.0,0.0,1.0,0.0,15 min - 1 hour,2.95,sweb.env.x86_64.c70909fdac4897d1c685df:latest
django__django-16662,1.0,1.0,1.0,0.0,1.0,0.0,0.0,1.0,0.0,0.0,1.0,0.0,0.0,1.0,0.0,0.0,1.0,0.0,0.0,0.0,0.0,15 min - 1 hour,2.95,sweb.env.x86_64.c70909fdac4897d1c685df:latest
django__django-16667,0.0,1.0,0.5,0.0,0.0,0.0,0.0,1.0,0.0,0.0,0.9583333333333334,0.0,0.0,1.0,0.5,0.0,0.0,0.0,0.0,1.0,0.0,15 min - 1 hour,2.95,sweb.env.x86_64.c70909fdac4897d1c685df:latest
django__django-16801,0.0,1.0,0.0,0.0,1.0,0.0,1.0,1.0,1.0,1.0,1.0,1.0,0.0,1.0,0.0,0.0,,0.0,1.0,1.0,1.0,<15 min fix,2.95,sweb.env.x86_64.c70909fdac4897d1c685df:latest
django__django-16819,0.0,1.0,0.0,0.0,1.0,0.0,0.0,0.131578947368421,1.0,0.0,1.0,0.0,0.0,1.0,0.0,0.0,0.8421052631578947,0.0,0.0,0.8947368421052632,0.0,15 min - 1 hour,2.95,sweb.env.x86_64.c70909fdac4897d1c685df:latest
django__django-16877,0.0,,,0.0,,0.0,0.0,,0.0,0.0,,0.0,0.0,,0.0,0.0,,0.0,0.0,,0.0,15 min - 1 hour,2.95,sweb.env.x86_64.c70909fdac4897d1c685df:latest
django__django-16899,0.0,1.0,0.0,0.0,1.0,0.0,1.0,1.0,1.0,0.0,1.0,0.0,0.0,1.0,0.0,0.0,1.0,0.0,0.0,1.0,0.0,<15 min fix,2.95,sweb.env.x86_64.c70909fdac4897d1c685df:latest
django__django-16901,0.0,1.0,0.0,0.0,1.0,0.0,0.0,1.0,0.0,0.0,,,0.0,1.0,0.0,0.0,1.0,0.0,0.0,1.0,0.0,15 min - 1 hour,2.95,sweb.env.x86_64.c70909fdac4897d1c685df:latest
django__django-16938,0.0,1.0,,0.0,1.0,,1.0,1.0,1.0,0.0,1.0,,0.0,1.0,,0.0,1.0,,0.0,1.0,,15 min - 1 hour,2.95,sweb.env.x86_64.c70909fdac4897d1c685df:latest
django__django-16950,0.0,1.0,0.0,0.0,1.0,0.0,0.0,1.0,0.0,0.0,1.0,0.0,0.0,1.0,0.0,0.0,1.0,0.0,0.0,1.0,0.0,15 min - 1 hour,2.95,sweb.env.x86_64.c70909fdac4897d1c685df:latest
django__django-17029,1.0,1.0,1.0,0.0,1.0,0.0,1.0,1.0,1.0,0.0,1.0,0.0,1.0,1.0,1.0,1.0,1.0,1.0,0.0,1.0,0.0,<15 min fix,2.95,sweb.env.x86_64.c70909fdac4897d1c685df:latest
django__django-17084,0.0,1.0,,0.0,1.0,,0.0,0.9906542056074766,,0.0,1.0,,0.0,1.0,,0.0,1.0,,0.0,1.0,,15 min - 1 hour,2.95,sweb.env.x86_64.c70909fdac4897d1c685df:latest
django__django-17087,0.0,1.0,0.0,0.0,1.0,0.0,0.0,1.0,0.0,0.0,1.0,0.0,0.0,1.0,0.0,0.0,0.0,0.0,0.0,1.0,0.0,<15 min fix,2.95,sweb.env.x86_64.c70909fdac4897d1c685df:latest
django__django-7530,0.0,1.0,1.0,0.0,0.0,0.0,1.0,1.0,1.0,1.0,1.0,1.0,1.0,1.0,1.0,0.0,0.0,0.0,0.0,1.0,1.0,15 min - 1 hour,2.87,sweb.env.x86_64.bb4dd302d828f85b7d4ca9:latest
django__django-9296,0.0,0.9444444444444444,0.0,0.0,1.0,,1.0,1.0,1.0,1.0,1.0,1.0,1.0,1.0,1.0,1.0,1.0,1.0,0.0,0.9444444444444444,0.0,<15 min fix,2.76,sweb.env.x86_64.a18371b03f944585b4f08c:latest
matplotlib__matplotlib-13989,0.0,1.0,0.0,0.0,1.0,0.0,0.0,1.0,0.0,0.0,1.0,0.0,0.0,1.0,0.0,0.0,1.0,0.0,0.0,1.0,0.0,<15 min fix,3.71,sweb.env.x86_64.b66c16ee295a97f7d4910c:latest
matplotlib__matplotlib-14623,0.0,1.0,0.0,0.0,1.0,0.0,0.0,1.0,0.0,0.0,1.0,0.0,0.0,1.0,0.0,0.0,1.0,0.0,0.0,1.0,0.0,15 min - 1 hour,4.47,sweb.env.x86_64.ee3c29cc7c0614f5b6584c:latest
matplotlib__matplotlib-20488,0.0,0.990990990990991,0.0,0.0,0.990990990990991,0.0,0.0,0.990990990990991,0.0,0.0,0.990990990990991,0.0,0.0,0.990990990990991,0.0,0.0,0.990990990990991,0.0,0.0,0.990990990990991,0.0,15 min - 1 hour,4.91,sweb.env.x86_64.e958786629b532c32249d9:latest
matplotlib__matplotlib-20676,0.0,1.0,0.0,0.0,0.0,0.0,0.0,0.96875,0.0,0.0,1.0,0.0,1.0,1.0,1.0,0.0,0.0,0.0,0.0,1.0,0.0,<15 min fix,4.91,sweb.env.x86_64.e958786629b532c32249d9:latest
matplotlib__matplotlib-20826,0.0,1.0,0.0,0.0,1.0,0.0,0.0,1.0,0.0,0.0,1.0,0.0,0.0,1.0,0.0,0.0,1.0,0.0,0.0,1.0,0.0,15 min - 1 hour,4.91,sweb.env.x86_64.e958786629b532c32249d9:latest
matplotlib__matplotlib-20859,1.0,1.0,1.0,0.0,1.0,0.0,0.0,1.0,0.0,1.0,1.0,1.0,0.0,0.0,0.0,0.0,1.0,0.0,1.0,1.0,1.0,<15 min fix,4.91,sweb.env.x86_64.e958786629b532c32249d9:latest
matplotlib__matplotlib-21568,0.0,1.0,0.0,0.0,1.0,0.0,0.0,1.0,0.0,0.0,1.0,0.0,0.0,1.0,0.0,0.0,1.0,0.0,0.0,1.0,0.0,15 min - 1 hour,4.92,sweb.env.x86_64.e958786629b532c32249d9:latest
matplotlib__matplotlib-22719,0.0,1.0,0.0,0.0,1.0,0.0,0.0,1.0,1.0,0.0,1.0,1.0,0.0,1.0,0.0,0.0,1.0,0.0,0.0,1.0,1.0,<15 min fix,7.25,sweb.env.x86_64.7037e8c448a4b8ebfe9b13:latest
matplotlib__matplotlib-22865,0.0,1.0,0.0,0.0,1.0,0.0,0.0,1.0,0.0,0.0,1.0,0.0,0.0,1.0,0.0,0.0,1.0,0.0,0.0,0.6666666666666666,0.0,15 min - 1 hour,7.24,sweb.env.x86_64.7037e8c448a4b8ebfe9b13:latest
matplotlib__matplotlib-22871,0.0,1.0,0.0,0.0,1.0,0.0,0.0,1.0,0.0,0.0,0.9886363636363636,1.0,0.0,1.0,0.0,0.0,1.0,0.0,0.0,1.0,0.0,15 min - 1 hour,7.24,sweb.env.x86_64.7037e8c448a4b8ebfe9b13:latest
matplotlib__matplotlib-23299,0.0,0.9791666666666666,0.0,0.0,1.0,0.0,0.0,1.0,0.0,0.0,1.0,0.0,0.0,1.0,0.0,0.0,1.0,0.0,0.0,1.0,0.0,15 min - 1 hour,7.24,sweb.env.x86_64.7037e8c448a4b8ebfe9b13:latest
matplotlib__matplotlib-23314,0.0,1.0,0.0,0.0,1.0,0.0,0.0,0.9930394431554525,0.0,0.0,1.0,0.0,0.0,1.0,0.0,0.0,1.0,0.0,0.0,1.0,0.0,15 min - 1 hour,7.24,sweb.env.x86_64.7037e8c448a4b8ebfe9b13:latest
matplotlib__matplotlib-23412,0.0,1.0,0.0,0.0,1.0,0.0,0.0,0.9130434782608696,0.0,0.0,1.0,0.0,1.0,1.0,1.0,0.0,1.0,0.0,0.0,1.0,0.0,15 min - 1 hour,7.24,sweb.env.x86_64.7037e8c448a4b8ebfe9b13:latest
matplotlib__matplotlib-23476,0.0,1.0,0.0,0.0,1.0,0.0,0.0,1.0,0.0,0.0,1.0,0.0,0.0,1.0,0.0,0.0,1.0,0.0,0.0,0.9134615384615384,0.0,<15 min fix,7.24,sweb.env.x86_64.7037e8c448a4b8ebfe9b13:latest
matplotlib__matplotlib-24026,1.0,1.0,1.0,0.0,1.0,0.0,1.0,1.0,1.0,0.0,0.0,0.0,0.0,1.0,0.0,0.0,1.0,0.0,0.0,1.0,0.0,15 min - 1 hour,7.32,sweb.env.x86_64.31244378a92e3bcce809ac:latest
matplotlib__matplotlib-24149,1.0,1.0,1.0,0.0,1.0,0.0,0.0,0.9908735332464146,0.0,1.0,1.0,1.0,0.0,0.0,0.0,0.0,1.0,0.0,0.0,0.9960886571056062,0.0,<15 min fix,7.33,sweb.env.x86_64.31244378a92e3bcce809ac:latest
matplotlib__matplotlib-24177,0.0,1.0,0.0,0.0,1.0,0.0,0.0,1.0,0.0,0.0,1.0,0.0,0.0,1.0,0.0,0.0,1.0,0.0,0.0,1.0,0.0,<15 min fix,7.33,sweb.env.x86_64.31244378a92e3bcce809ac:latest
matplotlib__matplotlib-24570,0.0,0.99250936329588,1.0,0.0,1.0,0.0,0.0,1.0,0.0,1.0,1.0,1.0,1.0,1.0,1.0,0.0,1.0,0.0,1.0,1.0,1.0,<15 min fix,7.33,sweb.env.x86_64.31244378a92e3bcce809ac:latest
matplotlib__matplotlib-24627,0.0,1.0,0.0,0.0,1.0,0.0,0.0,1.0,0.0,1.0,1.0,1.0,0.0,0.0,0.0,0.0,1.0,0.0,0.0,1.0,0.0,15 min - 1 hour,7.33,sweb.env.x86_64.31244378a92e3bcce809ac:latest
matplotlib__matplotlib-24637,0.0,1.0,0.0,0.0,1.0,0.0,0.0,1.0,0.0,0.0,1.0,0.0,0.0,1.0,0.0,0.0,1.0,0.0,0.0,1.0,0.0,15 min - 1 hour,7.33,sweb.env.x86_64.31244378a92e3bcce809ac:latest
matplotlib__matplotlib-24870,0.0,1.0,0.0,0.0,1.0,0.0,0.0,1.0,0.0,0.0,1.0,0.0,0.0,1.0,0.0,0.0,0.0,0.0,0.0,1.0,0.0,15 min - 1 hour,7.33,sweb.env.x86_64.31244378a92e3bcce809ac:latest
matplotlib__matplotlib-24970,0.0,1.0,0.0,1.0,1.0,1.0,0.0,1.0,0.0,1.0,1.0,1.0,0.0,0.984189723320158,1.0,0.0,1.0,0.0,0.0,0.9881422924901184,0.0,15 min - 1 hour,7.33,sweb.env.x86_64.31244378a92e3bcce809ac:latest
matplotlib__matplotlib-25122,0.0,0.9676898222940228,0.0,0.0,0.9676898222940228,0.0,1.0,1.0,1.0,1.0,1.0,1.0,1.0,1.0,1.0,1.0,1.0,1.0,1.0,1.0,1.0,<15 min fix,7.33,sweb.env.x86_64.31244378a92e3bcce809ac:latest
matplotlib__matplotlib-25287,1.0,1.0,1.0,0.0,1.0,0.0,1.0,1.0,1.0,1.0,1.0,1.0,1.0,1.0,1.0,1.0,1.0,1.0,1.0,1.0,1.0,<15 min fix,7.46,sweb.env.x86_64.efa6065ed5bf204410fd53:latest
matplotlib__matplotlib-25311,0.0,1.0,0.0,0.0,0.9447513812154696,0.0,0.0,1.0,0.0,0.0,1.0,0.0,0.0,1.0,0.0,0.0,1.0,0.0,0.0,1.0,0.0,<15 min fix,7.46,sweb.env.x86_64.efa6065ed5bf204410fd53:latest
matplotlib__matplotlib-25332,0.0,1.0,0.0,0.0,1.0,0.0,0.0,1.0,0.0,0.0,1.0,0.0,0.0,1.0,0.0,0.0,1.0,0.0,0.0,1.0,0.0,<15 min fix,7.46,sweb.env.x86_64.efa6065ed5bf204410fd53:latest
matplotlib__matplotlib-25479,0.0,0.9961977186311788,0.0,0.0,0.0,0.0,0.0,0.9961977186311788,0.0,0.0,0.9961977186311788,0.0,0.0,1.0,0.0,0.0,1.0,0.0,0.0,1.0,0.0,<15 min fix,7.46,sweb.env.x86_64.efa6065ed5bf204410fd53:latest
matplotlib__matplotlib-25775,0.0,0.9887640449438202,0.0,0.0,1.0,0.0,1.0,1.0,1.0,1.0,1.0,1.0,0.0,1.0,0.7142857142857143,0.0,0.0,0.0,0.0,1.0,0.0,15 min - 1 hour,7.46,sweb.env.x86_64.efa6065ed5bf204410fd53:latest
matplotlib__matplotlib-25960,0.0,1.0,0.0,0.0,1.0,0.0,0.0,0.9854014598540146,0.0,0.0,1.0,0.0,0.0,1.0,0.0,0.0,1.0,0.0,0.0,1.0,0.0,15 min - 1 hour,7.46,sweb.env.x86_64.efa6065ed5bf204410fd53:latest
matplotlib__matplotlib-26113,1.0,1.0,1.0,0.0,1.0,0.0,1.0,1.0,1.0,0.0,1.0,0.0,1.0,1.0,1.0,0.0,1.0,0.0,0.0,1.0,0.0,<15 min fix,7.46,sweb.env.x86_64.efa6065ed5bf204410fd53:latest
matplotlib__matplotlib-26208,0.0,0.998769987699877,0.0,0.0,1.0,0.0,0.0,1.0,0.0,0.0,1.0,0.0,0.0,1.0,0.0,0.0,0.0,0.0,0.0,1.0,0.0,<15 min fix,7.46,sweb.env.x86_64.efa6065ed5bf204410fd53:latest
matplotlib__matplotlib-26291,0.0,0.979591836734694,0.0,0.0,1.0,0.0,0.0,1.0,0.0,0.0,1.0,0.0,0.0,1.0,0.0,0.0,1.0,0.0,0.0,1.0,0.0,15 min - 1 hour,7.46,sweb.env.x86_64.efa6065ed5bf204410fd53:latest
matplotlib__matplotlib-26342,0.0,0.7037037037037037,1.0,0.0,1.0,0.0,0.0,1.0,0.0,0.0,0.9753086419753086,1.0,1.0,1.0,1.0,0.0,1.0,0.0,0.0,1.0,0.0,15 min - 1 hour,7.46,sweb.env.x86_64.efa6065ed5bf204410fd53:latest
matplotlib__matplotlib-26466,0.0,1.0,0.0,0.0,1.0,0.0,0.0,1.0,0.0,0.0,1.0,0.0,0.0,1.0,0.0,0.0,1.0,0.0,0.0,1.0,0.0,15 min - 1 hour,7.46,sweb.env.x86_64.efa6065ed5bf204410fd53:latest
mwaskom__seaborn-3069,0.0,0.7446808510638298,0.0,0.0,1.0,0.0,0.0,0.9148936170212766,0.0,0.0,0.9148936170212766,0.0,0.0,1.0,0.0,0.0,1.0,0.0,0.0,1.0,0.0,15 min - 1 hour,2.92,sweb.env.x86_64.a0efca7a0fe6719dbf65c2:latest
mwaskom__seaborn-3187,0.0,0.0,0.0,0.0,1.0,0.0,0.0,1.0,0.0,0.0,1.0,0.0,0.0,1.0,0.0,0.0,1.0,0.0,0.0,1.0,0.0,15 min - 1 hour,2.93,sweb.env.x86_64.a0efca7a0fe6719dbf65c2:latest
pallets__flask-5014,0.0,0.9830508474576272,1.0,1.0,1.0,1.0,1.0,1.0,1.0,1.0,1.0,1.0,0.0,0.0,0.0,1.0,1.0,1.0,1.0,1.0,1.0,<15 min fix,2.63,sweb.env.x86_64.5eaaa847da10fec7ef6772:latest
psf__requests-1142,0.0,1.0,0.0,0.0,1.0,0.0,1.0,1.0,1.0,1.0,1.0,1.0,1.0,1.0,1.0,0.0,1.0,0.0,1.0,1.0,1.0,<15 min fix,2.37,sweb.env.x86_64.1f92e6d7cef88badc4f744:latest
psf__requests-1724,1.0,1.0,1.0,1.0,1.0,1.0,1.0,1.0,1.0,1.0,1.0,1.0,1.0,1.0,1.0,1.0,1.0,1.0,1.0,1.0,1.0,<15 min fix,2.37,sweb.env.x86_64.1f92e6d7cef88badc4f744:latest
psf__requests-1766,1.0,1.0,1.0,1.0,1.0,1.0,1.0,1.0,1.0,1.0,1.0,1.0,1.0,1.0,1.0,0.0,0.0,0.0,1.0,1.0,1.0,<15 min fix,2.37,sweb.env.x86_64.1f92e6d7cef88badc4f744:latest
psf__requests-1921,0.0,1.0,0.8333333333333334,0.0,0.0,0.0,1.0,1.0,1.0,0.0,0.9906542056074766,1.0,0.0,1.0,0.8333333333333334,0.0,1.0,0.8333333333333334,1.0,1.0,1.0,<15 min fix,2.37,sweb.env.x86_64.1f92e6d7cef88badc4f744:latest
psf__requests-2317,0.0,0.9924812030075189,1.0,0.0,1.0,0.875,0.0,1.0,0.875,0.0,1.0,0.875,1.0,1.0,1.0,0.0,0.6240601503759399,0.125,1.0,1.0,1.0,<15 min fix,2.37,sweb.env.x86_64.1f92e6d7cef88badc4f744:latest
psf__requests-2931,0.0,1.0,0.0,0.0,0.0,0.0,0.0,1.0,0.0,1.0,1.0,1.0,0.0,0.988095238095238,1.0,0.0,1.0,0.0,0.0,1.0,0.0,15 min - 1 hour,2.37,sweb.env.x86_64.1f92e6d7cef88badc4f744:latest
psf__requests-5414,0.0,1.0,0.0,0.0,1.0,0.0,0.0,1.0,0.0,0.0,0.946153846153846,0.0,0.0,1.0,0.0,0.0,1.0,0.0,0.0,1.0,0.0,<15 min fix,2.38,sweb.env.x86_64.1f92e6d7cef88badc4f744:latest
psf__requests-6028,0.0,1.0,0.0,0.0,1.0,0.0,0.0,1.0,0.0,0.0,1.0,0.0,0.0,1.0,0.0,0.0,1.0,0.0,0.0,1.0,0.0,15 min - 1 hour,2.38,sweb.env.x86_64.1f92e6d7cef88badc4f744:latest
pydata__xarray-2905,0.0,0.967032967032967,0.0,0.0,1.0,0.0,0.0,0.9972527472527472,0.0,0.0,0.9807692307692308,0.0,0.0,1.0,0.0,0.0,1.0,0.0,1.0,1.0,1.0,15 min - 1 hour,4.99,sweb.env.x86_64.502d8fc6ebccd881244091:latest
pydata__xarray-3095,0.0,1.0,0.0,0.0,1.0,0.0,0.0,1.0,0.0,0.0,1.0,0.0,0.0,1.0,0.0,0.0,0.0,0.0,0.0,1.0,0.0,15 min - 1 hour,4.99,sweb.env.x86_64.502d8fc6ebccd881244091:latest
pydata__xarray-3151,0.0,0.9848484848484848,0.0,0.0,1.0,0.0,0.0,0.9696969696969696,0.0,1.0,1.0,1.0,0.0,0.9848484848484848,0.0,0.0,1.0,0.0,0.0,0.9848484848484848,0.0,15 min - 1 hour,4.99,sweb.env.x86_64.502d8fc6ebccd881244091:latest
pydata__xarray-3305,0.0,1.0,0.0,0.0,1.0,0.0,1.0,1.0,1.0,0.0,1.0,0.0,0.0,1.0,0.0,0.0,1.0,0.0,0.0,1.0,0.0,15 min - 1 hour,4.99,sweb.env.x86_64.502d8fc6ebccd881244091:latest
pydata__xarray-3677,0.0,0.8095238095238095,0.0,0.0,1.0,0.0,1.0,1.0,1.0,0.0,0.0,0.0,0.0,1.0,0.0,0.0,0.3809523809523809,0.0,0.0,1.0,0.0,15 min - 1 hour,4.99,sweb.env.x86_64.502d8fc6ebccd881244091:latest
pydata__xarray-3993,0.0,0.9983319432860718,0.0,0.0,0.9983319432860718,0.0,0.0,0.9983319432860718,0.0,0.0,0.9983319432860718,0.0,0.0,0.9983319432860718,0.0,0.0,0.0,0.0,0.0,0.9966638865721434,0.0,1-4 hours,4.99,sweb.env.x86_64.502d8fc6ebccd881244091:latest
pydata__xarray-4075,1.0,1.0,1.0,1.0,1.0,1.0,0.0,1.0,0.0,1.0,1.0,1.0,0.0,1.0,0.0,0.0,1.0,0.0,1.0,1.0,1.0,<15 min fix,4.99,sweb.env.x86_64.502d8fc6ebccd881244091:latest
pydata__xarray-4094,0.0,1.0,0.0,0.0,1.0,0.0,0.0,1.0,0.0,0.0,1.0,0.0,0.0,1.0,0.0,0.0,1.0,0.0,0.0,1.0,0.0,<15 min fix,4.99,sweb.env.x86_64.502d8fc6ebccd881244091:latest
pydata__xarray-4356,0.0,0.9867549668874172,0.0,0.0,0.9867549668874172,0.0,1.0,1.0,1.0,1.0,1.0,1.0,1.0,1.0,1.0,0.0,0.9867549668874172,0.0,1.0,1.0,1.0,<15 min fix,4.99,sweb.env.x86_64.502d8fc6ebccd881244091:latest
pydata__xarray-4629,0.0,1.0,0.0,0.0,0.0,0.0,1.0,1.0,1.0,1.0,1.0,1.0,1.0,1.0,1.0,1.0,1.0,1.0,1.0,1.0,1.0,<15 min fix,4.99,sweb.env.x86_64.502d8fc6ebccd881244091:latest
pydata__xarray-4687,0.0,1.0,0.0,0.0,1.0,0.0,0.0,0.998252766453116,0.0,0.0,1.0,0.0,0.0,1.0,0.0,0.0,1.0,0.0,0.0,1.0,0.0,15 min - 1 hour,4.99,sweb.env.x86_64.502d8fc6ebccd881244091:latest
pydata__xarray-4695,0.0,1.0,0.0,0.0,1.0,0.0,0.0,1.0,0.0,0.0,1.0,0.0,0.0,1.0,0.0,0.0,1.0,0.0,0.0,1.0,0.0,15 min - 1 hour,4.99,sweb.env.x86_64.502d8fc6ebccd881244091:latest
pydata__xarray-4966,1.0,1.0,1.0,0.0,1.0,0.0,0.0,0.8095238095238095,0.0,1.0,1.0,1.0,0.0,1.0,0.0,0.0,1.0,0.0,0.0,1.0,0.0,15 min - 1 hour,4.99,sweb.env.x86_64.502d8fc6ebccd881244091:latest
pydata__xarray-6461,0.0,0.0,0.0,0.0,0.4291497975708502,0.0,0.0,1.0,0.0,0.0,1.0,0.0,0.0,1.0,0.0,0.0,1.0,0.0,0.0,1.0,0.0,<15 min fix,4.63,sweb.env.x86_64.f45b85486922bdccb83010:latest
pydata__xarray-6599,0.0,0.0,0.0,0.0,0.9962121212121212,0.0,0.0,0.9962121212121212,0.0,0.0,0.9962121212121212,0.0,0.0,0.9962121212121212,0.0,0.0,0.9962121212121212,0.0,0.0,0.9962121212121212,0.0,15 min - 1 hour,4.63,sweb.env.x86_64.f45b85486922bdccb83010:latest
pydata__xarray-6721,0.0,1.0,0.0,0.0,0.999288256227758,0.0,0.0,1.0,0.0,0.0,0.999288256227758,0.0,0.0,1.0,0.0,0.0,1.0,0.0,0.0,1.0,0.0,15 min - 1 hour,4.64,sweb.env.x86_64.62bfc5a3a7fdf6d9876424:latest
pydata__xarray-6744,0.0,0.9983471074380166,0.0,0.0,0.9983471074380166,0.0,0.0,0.9983471074380166,0.0,0.0,0.9983471074380166,0.0,0.0,0.996694214876033,0.3333333333333333,0.0,0.9840220385674932,0.0,0.0,0.9884297520661156,0.0,15 min - 1 hour,4.64,sweb.env.x86_64.62bfc5a3a7fdf6d9876424:latest
pydata__xarray-6938,0.0,0.9767441860465116,0.0,0.0,1.0,0.0,0.0,1.0,0.0,0.0,1.0,0.0,0.0,1.0,0.0,0.0,1.0,0.0,0.0,1.0,0.0,15 min - 1 hour,4.64,sweb.env.x86_64.62bfc5a3a7fdf6d9876424:latest
pydata__xarray-6992,0.0,1.0,0.0,0.0,0.0,0.0,0.0,1.0,0.0,0.0,1.0,0.0,0.0,1.0,0.0,0.0,1.0,0.0,0.0,1.0,0.0,>4 hours,4.64,sweb.env.x86_64.62bfc5a3a7fdf6d9876424:latest
pydata__xarray-7229,0.0,1.0,0.0,0.0,1.0,0.0,0.0,1.0,0.0,0.0,0.9535714285714286,0.0,0.0,1.0,0.0,0.0,0.0,0.0,0.0,1.0,0.0,15 min - 1 hour,4.54,sweb.env.x86_64.6b6c43248aa28ed62e8334:latest
pydata__xarray-7233,0.0,1.0,0.0,0.0,1.0,0.0,0.0,1.0,0.0,0.0,1.0,0.0,0.0,1.0,0.0,0.0,1.0,0.0,0.0,0.9894179894179894,0.0,15 min - 1 hour,4.54,sweb.env.x86_64.6b6c43248aa28ed62e8334:latest
pydata__xarray-7393,0.0,1.0,0.0,0.0,1.0,0.0,0.0,1.0,0.0,0.0,1.0,0.0,0.0,1.0,0.0,0.0,1.0,0.0,0.0,1.0,0.0,15 min - 1 hour,4.54,sweb.env.x86_64.6b6c43248aa28ed62e8334:latest
pylint-dev__pylint-4551,0.0,,0.0,0.0,,0.0,0.0,,0.0,0.0,,0.0,0.0,,0.0,0.0,,0.0,0.0,,0.0,1-4 hours,2.55,sweb.env.x86_64.76dba6316c7a61a263917f:latest
pylint-dev__pylint-4604,0.0,,0.0,0.0,,0.0,0.0,,0.0,0.0,,0.0,0.0,,0.0,0.0,,0.0,0.0,,0.0,15 min - 1 hour,2.55,sweb.env.x86_64.76dba6316c7a61a263917f:latest
pylint-dev__pylint-4661,0.0,,0.0,0.0,,0.0,0.0,,0.0,0.0,,0.0,0.0,,0.0,0.0,,0.0,0.0,,0.0,15 min - 1 hour,2.55,sweb.env.x86_64.e2b489bd66c1f2830ed0c5:latest
pylint-dev__pylint-4970,0.0,0.4705882352941176,0.0,0.0,0.1764705882352941,0.0,0.0,1.0,0.0,0.0,1.0,0.0,0.0,1.0,0.0,0.0,1.0,0.0,0.0,1.0,0.0,<15 min fix,2.55,sweb.env.x86_64.e2b489bd66c1f2830ed0c5:latest
pylint-dev__pylint-6386,0.0,1.0,0.0,0.0,1.0,0.0,0.0,1.0,0.0,0.0,1.0,0.0,0.0,1.0,0.0,0.0,0.0,0.0,0.0,1.0,0.0,15 min - 1 hour,2.52,sweb.env.x86_64.15539247fbef7d28c70168:latest
pylint-dev__pylint-6528,0.0,1.0,0.0,0.0,1.0,0.0,0.0,1.0,0.0,0.0,1.0,0.0,0.0,0.0,0.0,0.0,1.0,0.0,0.0,1.0,0.0,15 min - 1 hour,2.52,sweb.env.x86_64.15539247fbef7d28c70168:latest
pylint-dev__pylint-6903,1.0,1.0,1.0,1.0,1.0,1.0,1.0,1.0,1.0,1.0,1.0,1.0,1.0,1.0,1.0,1.0,1.0,1.0,1.0,1.0,1.0,<15 min fix,2.53,sweb.env.x86_64.0c609b65ef40b42410cb20:latest
pylint-dev__pylint-7080,0.0,1.0,0.0,0.0,1.0,0.0,0.0,1.0,0.0,0.0,1.0,0.0,0.0,1.0,0.0,0.0,1.0,0.0,0.0,0.024793388429752,0.0,15 min - 1 hour,2.53,sweb.env.x86_64.0c609b65ef40b42410cb20:latest
pylint-dev__pylint-7277,1.0,1.0,1.0,0.0,0.0,0.0,1.0,1.0,1.0,1.0,1.0,1.0,1.0,1.0,1.0,0.0,1.0,0.0,0.0,1.0,0.0,<15 min fix,2.53,sweb.env.x86_64.0c609b65ef40b42410cb20:latest
pylint-dev__pylint-8898,0.0,0.9444444444444444,0.0,0.0,0.9444444444444444,0.0,1.0,1.0,1.0,0.0,0.9444444444444444,0.0,0.0,0.9444444444444444,0.0,0.0,0.0,0.0,0.0,0.9444444444444444,0.0,1-4 hours,2.44,sweb.env.x86_64.dea66e249f1a0162fc8af7:latest
pytest-dev__pytest-10051,0.0,0.9333333333333332,0.0,0.0,1.0,0.0,1.0,1.0,1.0,0.0,0.9333333333333332,0.0,0.0,0.9333333333333332,0.0,0.0,0.9333333333333332,0.0,0.0,0.6,0.0,15 min - 1 hour,2.39,sweb.env.x86_64.7f83a0ba1392a745c061ce:latest
pytest-dev__pytest-10081,0.0,1.0,0.0,0.0,1.0,0.0,0.0,0.984126984126984,1.0,0.0,0.984126984126984,1.0,0.0,0.8095238095238095,0.0,0.0,1.0,0.0,0.0,1.0,0.0,<15 min fix,2.39,sweb.env.x86_64.7f83a0ba1392a745c061ce:latest
pytest-dev__pytest-10356,0.0,1.0,0.0,0.0,1.0,0.0,0.0,1.0,0.0,0.0,1.0,0.0,0.0,1.0,0.0,0.0,1.0,0.0,0.0,0.0,0.0,1-4 hours,2.39,sweb.env.x86_64.7f83a0ba1392a745c061ce:latest
pytest-dev__pytest-5262,0.0,0.9907407407407408,0.0,0.0,0.2685185185185185,0.0,0.0,0.9814814814814816,1.0,0.0,0.9814814814814816,1.0,0.0,0.0,0.0,0.0,0.8113207547169812,,0.0,0.9907407407407408,0.0,<15 min fix,2.4,sweb.env.x86_64.756beac07713d7e8dc1129:latest
pytest-dev__pytest-5631,0.0,1.0,0.0,0.0,1.0,0.0,0.0,0.8666666666666667,0.0,0.0,1.0,0.0,0.0,0.9333333333333332,0.0,0.0,1.0,0.0,0.0,0.9333333333333332,0.0,15 min - 1 hour,2.39,sweb.env.x86_64.1c1a6945f732f9391228c5:latest
pytest-dev__pytest-5787,0.0,1.0,0.0,0.0,0.0,0.0,0.0,0.967479674796748,0.0,0.0,1.0,0.0,0.0,1.0,0.0,0.0,1.0,0.0,0.0,1.0,0.0,1-4 hours,2.39,sweb.env.x86_64.1c1a6945f732f9391228c5:latest
pytest-dev__pytest-5809,1.0,1.0,1.0,1.0,1.0,1.0,1.0,1.0,1.0,1.0,1.0,1.0,1.0,1.0,1.0,0.0,0.0,0.0,1.0,1.0,1.0,<15 min fix,2.39,sweb.env.x86_64.088a7e628bda9770f9757b:latest
pytest-dev__pytest-5840,0.0,1.0,0.0,0.0,1.0,0.0,0.0,1.0,0.0,0.0,1.0,0.0,0.0,0.9607843137254902,0.0,0.0,1.0,0.0,0.0,0.9803921568627452,0.0,15 min - 1 hour,2.39,sweb.env.x86_64.1c1a6945f732f9391228c5:latest
pytest-dev__pytest-6197,0.0,1.0,0.0,0.0,1.0,0.0,0.0,1.0,0.0,0.0,0.986206896551724,1.0,0.0,1.0,0.0,0.0,1.0,,0.0,1.0,0.0,1-4 hours,2.39,sweb.env.x86_64.1c1a6945f732f9391228c5:latest
pytest-dev__pytest-6202,1.0,1.0,1.0,1.0,1.0,1.0,1.0,1.0,1.0,1.0,1.0,1.0,1.0,1.0,1.0,1.0,1.0,1.0,1.0,1.0,1.0,<15 min fix,2.39,sweb.env.x86_64.1c1a6945f732f9391228c5:latest
pytest-dev__pytest-7205,0.0,1.0,0.0,0.0,1.0,0.0,1.0,1.0,1.0,1.0,1.0,1.0,0.0,1.0,0.0,1.0,1.0,1.0,0.0,1.0,0.1,<15 min fix,2.39,sweb.env.x86_64.5d1fda9d55d65d8a4e5bdb:latest
pytest-dev__pytest-7236,0.0,1.0,0.0,0.0,1.0,0.0,1.0,1.0,1.0,0.0,1.0,0.0,0.0,1.0,0.0,0.0,1.0,0.0,0.0,1.0,0.0,15 min - 1 hour,2.39,sweb.env.x86_64.5d1fda9d55d65d8a4e5bdb:latest
pytest-dev__pytest-7324,0.0,1.0,0.0,0.0,0.0,0.0,0.0,0.0,0.0,0.0,1.0,0.0,0.0,1.0,0.0,0.0,1.0,0.0,0.0,1.0,0.0,15 min - 1 hour,2.39,sweb.env.x86_64.5d1fda9d55d65d8a4e5bdb:latest
pytest-dev__pytest-7432,0.0,1.0,0.0,0.0,1.0,0.0,0.0,0.974025974025974,1.0,1.0,1.0,1.0,1.0,1.0,1.0,0.0,0.961038961038961,0.0,0.0,1.0,0.0,<15 min fix,2.39,sweb.env.x86_64.5d1fda9d55d65d8a4e5bdb:latest
pytest-dev__pytest-7490,0.0,1.0,0.0,0.0,1.0,0.0,0.0,0.6282051282051282,0.5,0.0,1.0,0.0,0.0,1.0,0.0,0.0,1.0,0.0,0.0,1.0,0.0,15 min - 1 hour,2.39,sweb.env.x86_64.cc47cc71483942d0c3a15e:latest
pytest-dev__pytest-7521,0.0,1.0,0.0,0.0,1.0,0.0,0.0,0.9838709677419356,0.0,0.0,1.0,0.0,0.0,0.9838709677419356,0.0,0.0,1.0,0.0,0.0,0.872,0.0,<15 min fix,2.39,sweb.env.x86_64.cc47cc71483942d0c3a15e:latest
pytest-dev__pytest-7571,0.0,0.9285714285714286,0.0,0.0,1.0,0.0,0.0,1.0,0.0,0.0,1.0,0.0,0.0,1.0,0.0,0.0,1.0,0.0,0.0,1.0,0.0,15 min - 1 hour,2.39,sweb.env.x86_64.cc47cc71483942d0c3a15e:latest
pytest-dev__pytest-7982,0.0,1.0,0.0,1.0,1.0,1.0,0.0,1.0,0.0,1.0,1.0,1.0,0.0,1.0,0.0,1.0,1.0,1.0,1.0,1.0,1.0,<15 min fix,2.39,sweb.env.x86_64.8f1f7b974f0c57c7aeba39:latest
pytest-dev__pytest-8399,1.0,1.0,1.0,0.0,1.0,0.0,1.0,1.0,1.0,1.0,1.0,1.0,1.0,1.0,1.0,0.0,1.0,0.0,1.0,1.0,1.0,15 min - 1 hour,2.39,sweb.env.x86_64.8f1f7b974f0c57c7aeba39:latest
scikit-learn__scikit-learn-10297,0.0,1.0,0.0,0.0,1.0,0.0,1.0,1.0,1.0,0.0,1.0,0.0,1.0,1.0,1.0,0.0,0.0,0.0,0.0,1.0,0.0,15 min - 1 hour,3.49,sweb.env.x86_64.aa92880033da20ca313928:latest
scikit-learn__scikit-learn-10844,1.0,1.0,1.0,0.0,1.0,0.0,1.0,1.0,1.0,1.0,1.0,1.0,1.0,1.0,1.0,0.0,1.0,0.0,1.0,1.0,1.0,15 min - 1 hour,3.49,sweb.env.x86_64.aa92880033da20ca313928:latest
scikit-learn__scikit-learn-10908,0.0,1.0,0.0,0.0,0.9787234042553192,0.0,0.0,1.0,0.0,0.0,1.0,0.0,0.0,1.0,0.0,0.0,0.0,0.0,0.0,1.0,0.0,15 min - 1 hour,3.49,sweb.env.x86_64.aa92880033da20ca313928:latest
scikit-learn__scikit-learn-11310,0.0,0.94,0.0,0.0,0.0,0.0,1.0,1.0,1.0,1.0,1.0,1.0,0.0,0.96,0.0,0.0,0.0,0.0,0.0,0.0,0.0,<15 min fix,3.49,sweb.env.x86_64.aa92880033da20ca313928:latest
scikit-learn__scikit-learn-11578,1.0,1.0,1.0,0.0,1.0,0.0,1.0,1.0,1.0,1.0,1.0,1.0,1.0,1.0,1.0,1.0,1.0,1.0,1.0,1.0,1.0,15 min - 1 hour,3.5,sweb.env.x86_64.aa92880033da20ca313928:latest
scikit-learn__scikit-learn-12585,1.0,1.0,1.0,1.0,1.0,1.0,1.0,1.0,1.0,1.0,1.0,1.0,1.0,1.0,1.0,1.0,1.0,1.0,1.0,1.0,1.0,<15 min fix,3.5,sweb.env.x86_64.aa92880033da20ca313928:latest
scikit-learn__scikit-learn-12682,0.0,0.0606060606060606,0.0,0.0,0.5606060606060606,0.0,0.0,0.9696969696969696,0.0,0.0,0.8181818181818182,0.0,0.0,1.0,0.0,0.0,1.0,0.0,0.0,1.0,0.0,15 min - 1 hour,3.56,sweb.env.x86_64.aa92880033da20ca313928:latest
scikit-learn__scikit-learn-12973,0.0,1.0,0.0,0.0,1.0,0.0,1.0,1.0,1.0,1.0,1.0,1.0,0.0,1.0,0.0,0.0,0.96875,0.0,0.0,1.0,0.0,15 min - 1 hour,3.5,sweb.env.x86_64.aa92880033da20ca313928:latest
scikit-learn__scikit-learn-13124,0.0,1.0,0.0,0.0,1.0,0.0,0.0,1.0,0.0,1.0,1.0,1.0,0.0,1.0,0.0,0.0,0.9,0.0,0.0,1.0,0.0,15 min - 1 hour,3.51,sweb.env.x86_64.aa92880033da20ca313928:latest
scikit-learn__scikit-learn-13135,1.0,1.0,1.0,0.0,1.0,0.0,1.0,1.0,1.0,1.0,1.0,1.0,0.0,1.0,0.0,0.0,0.0,0.0,0.0,1.0,0.0,<15 min fix,3.51,sweb.env.x86_64.aa92880033da20ca313928:latest
scikit-learn__scikit-learn-13142,0.0,1.0,0.0,0.0,1.0,0.0,0.0,1.0,0.0,1.0,1.0,1.0,0.0,1.0,0.0,0.0,1.0,0.0,0.0,1.0,0.0,<15 min fix,3.51,sweb.env.x86_64.aa92880033da20ca313928:latest
scikit-learn__scikit-learn-13328,0.0,0.2222222222222222,0.0,0.0,0.2222222222222222,0.0,1.0,1.0,1.0,1.0,1.0,1.0,1.0,1.0,1.0,0.0,0.2222222222222222,0.0,0.0,0.2222222222222222,0.0,<15 min fix,3.52,sweb.env.x86_64.aa92880033da20ca313928:latest
scikit-learn__scikit-learn-13439,1.0,1.0,1.0,1.0,1.0,1.0,1.0,1.0,1.0,1.0,1.0,1.0,0.0,1.0,0.0,0.0,1.0,0.0,0.0,1.0,0.0,<15 min fix,3.52,sweb.env.x86_64.aa92880033da20ca313928:latest
scikit-learn__scikit-learn-13496,0.0,1.0,0.0,1.0,1.0,1.0,1.0,1.0,1.0,1.0,1.0,1.0,1.0,1.0,1.0,0.0,0.0,0.0,0.0,1.0,0.0,<15 min fix,3.53,sweb.env.x86_64.aa92880033da20ca313928:latest
scikit-learn__scikit-learn-13779,1.0,1.0,1.0,1.0,1.0,1.0,0.0,1.0,0.0,1.0,1.0,1.0,0.0,0.2777777777777778,0.0,0.0,1.0,0.0,0.0,1.0,0.0,<15 min fix,3.55,sweb.env.x86_64.aa92880033da20ca313928:latest
scikit-learn__scikit-learn-14053,0.0,1.0,0.0,0.0,0.0,0.0,0.0,1.0,0.0,0.0,1.0,0.0,0.0,1.0,0.0,0.0,1.0,0.0,1.0,1.0,1.0,15 min - 1 hour,3.56,sweb.env.x86_64.aa92880033da20ca313928:latest
scikit-learn__scikit-learn-14087,0.0,1.0,0.0,0.0,1.0,0.0,0.0,0.9883720930232558,0.3333333333333333,0.0,0.9883720930232558,1.0,0.0,1.0,0.0,0.0,0.0,0.0,0.0,0.9476744186046512,0.0,15 min - 1 hour,3.56,sweb.env.x86_64.aa92880033da20ca313928:latest
scikit-learn__scikit-learn-14141,0.0,0.0,0.0,0.0,0.5,0.0,1.0,1.0,1.0,1.0,1.0,1.0,1.0,1.0,1.0,0.0,1.0,0.0,1.0,1.0,1.0,<15 min fix,3.56,sweb.env.x86_64.aa92880033da20ca313928:latest
scikit-learn__scikit-learn-14496,1.0,1.0,1.0,0.0,1.0,0.0,0.0,1.0,0.0,1.0,1.0,1.0,0.0,0.8205128205128205,0.0,0.0,1.0,0.0,0.0,1.0,0.0,<15 min fix,3.56,sweb.env.x86_64.aa92880033da20ca313928:latest
scikit-learn__scikit-learn-14629,0.0,1.0,0.0,0.0,1.0,0.0,0.0,1.0,0.0,0.0,1.0,0.0,0.0,1.0,0.0,0.0,1.0,0.0,0.0,1.0,0.0,15 min - 1 hour,3.56,sweb.env.x86_64.aa92880033da20ca313928:latest
scikit-learn__scikit-learn-14710,1.0,1.0,1.0,1.0,1.0,1.0,1.0,1.0,1.0,1.0,1.0,1.0,0.0,1.0,0.0,0.0,0.0,0.0,,,,15 min - 1 hour,3.56,sweb.env.x86_64.aa92880033da20ca313928:latest
scikit-learn__scikit-learn-14894,0.0,1.0,0.0,0.0,1.0,0.0,1.0,1.0,1.0,1.0,1.0,1.0,1.0,1.0,1.0,0.0,1.0,0.0,0.0,1.0,0.0,15 min - 1 hour,3.56,sweb.env.x86_64.aa92880033da20ca313928:latest
scikit-learn__scikit-learn-14983,0.0,0.9904761904761904,0.0,0.0,1.0,0.0,0.0,1.0,0.0,0.0,1.0,0.0,0.0,1.0,0.0,0.0,0.0,0.0,0.0,1.0,0.0,<15 min fix,3.56,sweb.env.x86_64.aa92880033da20ca313928:latest
scikit-learn__scikit-learn-15100,0.0,1.0,0.0,0.0,1.0,0.0,0.0,1.0,1.0,0.0,1.0,1.0,0.0,1.0,1.0,0.0,0.9347826086956522,0.0,0.0,1.0,1.0,15 min - 1 hour,3.56,sweb.env.x86_64.aa92880033da20ca313928:latest
scikit-learn__scikit-learn-25102,0.0,1.0,0.0,0.0,1.0,0.0,0.0,0.8813559322033898,0.0,1.0,1.0,1.0,0.0,0.0,0.0,0.0,1.0,0.0,0.0,1.0,0.0,1-4 hours,4.43,sweb.env.x86_64.3a59860bcd0dab8bbfb2ff:latest
scikit-learn__scikit-learn-25232,1.0,1.0,1.0,0.0,1.0,0.0,1.0,1.0,1.0,1.0,1.0,1.0,0.0,0.705607476635514,0.0,0.0,1.0,0.0,0.0,1.0,0.0,<15 min fix,4.43,sweb.env.x86_64.3a59860bcd0dab8bbfb2ff:latest
scikit-learn__scikit-learn-25747,0.0,0.9285714285714286,0.0,0.0,0.6428571428571429,0.0,0.0,1.0,0.0,0.0,1.0,0.0,0.0,1.0,0.0,0.0,1.0,0.0,0.0,1.0,0.0,15 min - 1 hour,4.43,sweb.env.x86_64.3a59860bcd0dab8bbfb2ff:latest
scikit-learn__scikit-learn-25931,0.0,1.0,0.0,0.0,1.0,0.0,0.0,1.0,0.0,0.0,0.8095238095238095,0.0,1.0,1.0,1.0,0.0,1.0,0.0,0.0,0.0,0.0,15 min - 1 hour,4.44,sweb.env.x86_64.3a59860bcd0dab8bbfb2ff:latest
scikit-learn__scikit-learn-25973,0.0,0.1111111111111111,0.0,0.0,1.0,0.0,0.0,0.9861111111111112,0.0,0.0,1.0,0.0,0.0,1.0,0.0,0.0,0.0,0.0,0.0,0.0,0.0,<15 min fix,4.44,sweb.env.x86_64.3a59860bcd0dab8bbfb2ff:latest
scikit-learn__scikit-learn-26194,0.0,0.9946236559139784,0.0,0.0,1.0,0.0,0.0,1.0,0.0,0.0,0.9731182795698924,0.0,0.0,1.0,0.0,0.0,0.0,0.0,0.0,1.0,0.0,15 min - 1 hour,4.44,sweb.env.x86_64.3a59860bcd0dab8bbfb2ff:latest
scikit-learn__scikit-learn-26323,0.0,0.9893617021276596,0.0,0.0,0.0,0.0,0.0,1.0,0.0,0.0,0.1808510638297872,0.0,1.0,1.0,1.0,0.0,0.0,0.0,1.0,1.0,1.0,15 min - 1 hour,4.45,sweb.env.x86_64.3a59860bcd0dab8bbfb2ff:latest
scikit-learn__scikit-learn-9288,0.0,1.0,0.0,0.0,1.0,0.0,0.0,1.0,0.0,0.0,1.0,0.0,0.0,1.0,0.0,0.0,1.0,0.0,0.0,0.0,0.0,15 min - 1 hour,3.56,sweb.env.x86_64.aa92880033da20ca313928:latest
sphinx-doc__sphinx-10323,0.0,1.0,0.0,0.0,1.0,0.0,0.0,0.975,0.0,0.0,1.0,0.0,0.0,0.625,0.0,0.0,1.0,0.0,0.0,1.0,0.0,<15 min fix,2.56,sweb.env.x86_64.764c21123474adcba1e003:latest
sphinx-doc__sphinx-10435,0.0,1.0,0.0,0.0,1.0,0.0,0.0,0.8378378378378378,0.0,0.0,1.0,0.0,0.0,1.0,0.0,0.0,0.7162162162162162,,0.0,1.0,0.0,<15 min fix,2.56,sweb.env.x86_64.764c21123474adcba1e003:latest
sphinx-doc__sphinx-10449,0.0,1.0,0.0,0.0,1.0,0.0,0.0,0.8666666666666667,0.0,0.0,1.0,0.0,0.0,1.0,0.0,0.0,1.0,0.0,0.0,1.0,0.0,<15 min fix,2.56,sweb.env.x86_64.764c21123474adcba1e003:latest
sphinx-doc__sphinx-10466,0.0,1.0,0.0,0.0,1.0,0.0,0.0,1.0,0.0,1.0,1.0,1.0,1.0,1.0,1.0,0.0,0.0,0.0,0.0,1.0,0.0,15 min - 1 hour,2.56,sweb.env.x86_64.764c21123474adcba1e003:latest
sphinx-doc__sphinx-10614,0.0,1.0,0.0,0.0,1.0,0.0,0.0,1.0,0.0,0.0,1.0,0.0,0.0,1.0,0.0,0.0,1.0,0.0,0.0,0.8,0.0,15 min - 1 hour,2.68,sweb.env.x86_64.764c21123474adcba1e003:latest
sphinx-doc__sphinx-10673,0.0,1.0,0.0,0.0,1.0,0.0,0.0,1.0,0.0,0.0,1.0,0.0,0.0,1.0,0.0,0.0,1.0,0.0,0.0,1.0,0.0,15 min - 1 hour,2.56,sweb.env.x86_64.764c21123474adcba1e003:latest
sphinx-doc__sphinx-11445,0.0,1.0,0.0,0.0,1.0,0.0,0.0,1.0,0.0,0.0,1.0,0.0,0.0,0.5,0.0,0.0,1.0,0.0,0.0,1.0,0.0,15 min - 1 hour,2.56,sweb.env.x86_64.764c21123474adcba1e003:latest
sphinx-doc__sphinx-11510,0.0,1.0,0.0,0.0,1.0,0.0,0.0,1.0,0.0,0.0,1.0,0.0,0.0,1.0,0.0,0.0,1.0,0.0,0.0,1.0,0.0,1-4 hours,2.68,sweb.env.x86_64.764c21123474adcba1e003:latest
sphinx-doc__sphinx-7440,0.0,1.0,0.0,0.0,1.0,0.0,0.0,1.0,0.0,0.0,1.0,0.0,0.0,1.0,0.0,0.0,1.0,0.0,0.0,1.0,0.0,<15 min fix,2.57,sweb.env.x86_64.764c21123474adcba1e003:latest
sphinx-doc__sphinx-7454,0.0,1.0,0.0,0.0,1.0,0.0,0.0,1.0,0.0,0.0,0.0,0.0,0.0,1.0,0.0,0.0,1.0,0.0,0.0,1.0,0.0,<15 min fix,2.57,sweb.env.x86_64.764c21123474adcba1e003:latest
sphinx-doc__sphinx-7462,0.0,0.9591836734693876,0.0,0.0,1.0,0.0,0.0,1.0,0.0,0.0,1.0,0.0,0.0,1.0,0.0,0.0,1.0,0.0,0.0,1.0,0.0,<15 min fix,2.57,sweb.env.x86_64.764c21123474adcba1e003:latest
sphinx-doc__sphinx-7590,0.0,0.2916666666666667,0.0,0.0,0.0,0.0,0.0,0.1666666666666666,0.0,0.0,1.0,0.0,0.0,1.0,0.0,0.0,1.0,0.0,0.0,1.0,0.0,>4 hours,2.57,sweb.env.x86_64.764c21123474adcba1e003:latest
sphinx-doc__sphinx-7748,0.0,1.0,0.0,0.0,0.0,0.0,0.0,1.0,0.0,0.0,1.0,0.0,0.0,1.0,0.0,0.0,0.0,0.0,0.0,0.0,0.0,15 min - 1 hour,2.57,sweb.env.x86_64.764c21123474adcba1e003:latest
sphinx-doc__sphinx-7757,0.0,1.0,0.0,0.0,1.0,0.0,0.0,1.0,0.0,0.0,1.0,0.0,0.0,0.9393939393939394,0.0,0.0,1.0,0.0,0.0,1.0,0.0,15 min - 1 hour,2.57,sweb.env.x86_64.764c21123474adcba1e003:latest
sphinx-doc__sphinx-7889,0.0,1.0,0.0,0.0,1.0,0.0,0.0,1.0,0.0,1.0,1.0,1.0,0.0,1.0,0.0,0.0,1.0,0.0,0.0,1.0,0.0,<15 min fix,2.57,sweb.env.x86_64.764c21123474adcba1e003:latest
sphinx-doc__sphinx-7910,0.0,1.0,0.0,0.0,1.0,0.0,0.0,1.0,0.0,0.0,1.0,0.0,0.0,1.0,0.0,0.0,1.0,0.0,0.0,1.0,0.0,<15 min fix,2.57,sweb.env.x86_64.764c21123474adcba1e003:latest
sphinx-doc__sphinx-7985,0.0,1.0,0.0,0.0,1.0,0.0,0.0,0.6666666666666666,0.0,,,,0.0,0.6666666666666666,0.0,0.0,0.6666666666666666,0.0,0.0,1.0,0.5,15 min - 1 hour,2.57,sweb.env.x86_64.764c21123474adcba1e003:latest
sphinx-doc__sphinx-8035,0.0,0.0,0.0,0.0,1.0,0.0,0.0,1.0,0.0,0.0,1.0,0.0,0.0,1.0,0.0,0.0,1.0,0.0,0.0,1.0,0.0,15 min - 1 hour,2.57,sweb.env.x86_64.764c21123474adcba1e003:latest
sphinx-doc__sphinx-8056,0.0,1.0,0.0,0.0,1.0,0.0,0.0,1.0,0.0,0.0,1.0,0.0,0.0,1.0,0.0,0.0,1.0,0.0,0.0,0.95,0.0,15 min - 1 hour,2.57,sweb.env.x86_64.764c21123474adcba1e003:latest
sphinx-doc__sphinx-8120,0.0,1.0,0.0,0.0,1.0,0.0,0.0,1.0,0.0,0.0,0.0,0.0,0.0,0.0,0.0,0.0,1.0,0.0,0.0,1.0,0.0,15 min - 1 hour,2.57,sweb.env.x86_64.764c21123474adcba1e003:latest
sphinx-doc__sphinx-8265,0.0,1.0,0.0,0.0,1.0,0.0,0.0,1.0,0.0,0.0,1.0,0.0,0.0,1.0,0.0,0.0,1.0,0.0,0.0,1.0,0.0,15 min - 1 hour,2.57,sweb.env.x86_64.764c21123474adcba1e003:latest
sphinx-doc__sphinx-8269,0.0,0.2,0.0,0.0,1.0,0.0,0.0,1.0,0.0,0.0,0.4,1.0,0.0,,,0.0,0.6,0.0,0.0,1.0,0.0,<15 min fix,2.57,sweb.env.x86_64.764c21123474adcba1e003:latest
sphinx-doc__sphinx-8459,0.0,1.0,0.0,0.0,1.0,0.0,0.0,0.0,0.0,0.0,0.8823529411764706,0.0,0.0,1.0,0.0,0.0,1.0,0.0,0.0,1.0,0.0,<15 min fix,2.57,sweb.env.x86_64.764c21123474adcba1e003:latest
sphinx-doc__sphinx-8475,0.0,1.0,0.0,0.0,0.8235294117647058,0.0,,,,0.0,1.0,0.0,0.0,0.6470588235294118,0.0,0.0,,,1.0,1.0,1.0,<15 min fix,2.57,sweb.env.x86_64.764c21123474adcba1e003:latest
sphinx-doc__sphinx-8548,0.0,0.6,0.0,0.0,1.0,0.0,0.0,1.0,0.0,0.0,1.0,0.0,0.0,1.0,0.0,0.0,1.0,0.0,0.0,1.0,0.0,1-4 hours,2.56,sweb.env.x86_64.764c21123474adcba1e003:latest
sphinx-doc__sphinx-8551,0.0,1.0,0.0,0.0,1.0,0.0,0.0,0.96875,0.0,0.0,1.0,0.0,0.0,1.0,0.0,0.0,1.0,0.0,0.0,1.0,0.0,15 min - 1 hour,2.56,sweb.env.x86_64.764c21123474adcba1e003:latest
sphinx-doc__sphinx-8593,0.0,0.0,0.0,0.0,1.0,0.0,0.0,1.0,0.0,0.0,1.0,0.0,0.0,1.0,0.0,0.0,1.0,0.0,0.0,1.0,0.0,15 min - 1 hour,2.56,sweb.env.x86_64.764c21123474adcba1e003:latest
sphinx-doc__sphinx-8595,0.0,,0.0,0.0,,0.0,0.0,,0.0,1.0,,1.0,0.0,,0.0,0.0,,0.0,0.0,,0.0,<15 min fix,2.56,sweb.env.x86_64.764c21123474adcba1e003:latest
sphinx-doc__sphinx-8621,0.0,1.0,0.0,0.0,1.0,0.0,0.0,0.0,0.0,0.0,0.967741935483871,1.0,0.0,1.0,0.0,0.0,1.0,0.0,0.0,1.0,0.0,<15 min fix,2.56,sweb.env.x86_64.764c21123474adcba1e003:latest
sphinx-doc__sphinx-8638,0.0,1.0,0.0,0.0,1.0,0.0,0.0,1.0,0.0,0.0,1.0,0.0,0.0,1.0,0.0,0.0,1.0,0.0,0.0,1.0,0.0,15 min - 1 hour,2.56,sweb.env.x86_64.764c21123474adcba1e003:latest
sphinx-doc__sphinx-8721,0.0,1.0,0.0,0.0,1.0,,0.0,1.0,0.0,1.0,1.0,1.0,0.0,1.0,,0.0,1.0,0.0,0.0,0.3333333333333333,1.0,<15 min fix,2.56,sweb.env.x86_64.764c21123474adcba1e003:latest
sphinx-doc__sphinx-9229,0.0,1.0,0.0,0.0,1.0,0.0,0.0,1.0,0.0,0.0,1.0,0.0,0.0,1.0,0.0,0.0,0.0,0.0,0.0,1.0,0.0,1-4 hours,2.56,sweb.env.x86_64.764c21123474adcba1e003:latest
sphinx-doc__sphinx-9230,0.0,1.0,0.0,0.0,0.9772727272727272,0.0,0.0,1.0,0.0,0.0,1.0,0.0,0.0,1.0,0.0,0.0,1.0,0.0,0.0,1.0,0.0,<15 min fix,2.56,sweb.env.x86_64.764c21123474adcba1e003:latest
sphinx-doc__sphinx-9258,0.0,1.0,0.0,0.0,1.0,0.0,0.0,1.0,0.0,0.0,1.0,0.0,0.0,1.0,0.0,0.0,1.0,0.0,0.0,1.0,0.0,<15 min fix,2.56,sweb.env.x86_64.764c21123474adcba1e003:latest
sphinx-doc__sphinx-9281,0.0,1.0,0.0,0.0,1.0,0.0,0.0,1.0,0.0,0.0,1.0,0.0,0.0,1.0,0.0,0.0,1.0,0.0,0.0,1.0,0.0,<15 min fix,2.56,sweb.env.x86_64.764c21123474adcba1e003:latest
sphinx-doc__sphinx-9320,0.0,1.0,0.0,0.0,1.0,0.0,0.0,1.0,0.0,1.0,1.0,1.0,0.0,1.0,0.0,0.0,1.0,0.0,1.0,1.0,1.0,<15 min fix,2.56,sweb.env.x86_64.764c21123474adcba1e003:latest
sphinx-doc__sphinx-9367,1.0,1.0,1.0,1.0,1.0,1.0,1.0,1.0,1.0,1.0,1.0,1.0,1.0,1.0,1.0,0.0,1.0,0.0,1.0,1.0,1.0,<15 min fix,2.56,sweb.env.x86_64.764c21123474adcba1e003:latest
sphinx-doc__sphinx-9461,0.0,0.0,0.0,0.0,1.0,0.0,0.0,1.0,0.0,0.0,1.0,0.0,0.0,1.0,0.0,0.0,1.0,0.0,0.0,1.0,0.0,1-4 hours,2.56,sweb.env.x86_64.764c21123474adcba1e003:latest
sphinx-doc__sphinx-9591,0.0,1.0,0.0,0.0,1.0,0.0,0.0,1.0,0.0,0.0,1.0,0.0,0.0,1.0,0.0,0.0,1.0,0.0,0.0,1.0,0.0,<15 min fix,2.56,sweb.env.x86_64.764c21123474adcba1e003:latest
sphinx-doc__sphinx-9602,0.0,1.0,0.0,0.0,1.0,0.0,0.0,1.0,0.0,0.0,1.0,0.0,0.0,1.0,0.0,0.0,1.0,0.0,0.0,1.0,0.0,15 min - 1 hour,2.56,sweb.env.x86_64.764c21123474adcba1e003:latest
sphinx-doc__sphinx-9658,0.0,1.0,0.0,0.0,1.0,0.0,0.0,1.0,0.0,0.0,1.0,0.0,0.0,1.0,0.0,0.0,1.0,0.0,0.0,1.0,0.0,15 min - 1 hour,2.56,sweb.env.x86_64.764c21123474adcba1e003:latest
sphinx-doc__sphinx-9673,0.0,1.0,0.0,0.0,1.0,0.0,0.0,1.0,0.0,0.0,1.0,0.0,0.0,1.0,0.0,0.0,1.0,0.0,0.0,1.0,0.0,15 min - 1 hour,2.56,sweb.env.x86_64.764c21123474adcba1e003:latest
sphinx-doc__sphinx-9698,0.0,1.0,0.0,0.0,1.0,0.0,0.0,0.8666666666666667,0.0,1.0,1.0,1.0,0.0,1.0,0.0,0.0,1.0,0.0,0.0,1.0,0.0,<15 min fix,2.56,sweb.env.x86_64.764c21123474adcba1e003:latest
sphinx-doc__sphinx-9711,0.0,,0.0,0.0,,0.0,0.0,,0.0,1.0,,1.0,0.0,,0.0,0.0,,0.0,1.0,,1.0,<15 min fix,2.56,sweb.env.x86_64.764c21123474adcba1e003:latest
sympy__sympy-11618,0.0,1.0,0.0,0.0,0.0,0.0,0.0,1.0,0.0,1.0,1.0,1.0,0.0,1.0,0.0,0.0,0.0,0.0,0.0,1.0,,15 min - 1 hour,2.57,sweb.env.x86_64.c795f4b88616b8462021ed:latest
sympy__sympy-12096,0.0,1.0,0.0,0.0,1.0,0.0,1.0,1.0,1.0,1.0,1.0,1.0,1.0,1.0,1.0,0.0,1.0,0.0,0.0,1.0,0.0,<15 min fix,2.57,sweb.env.x86_64.c795f4b88616b8462021ed:latest
sympy__sympy-12419,0.0,1.0,0.0,0.0,1.0,0.0,0.0,1.0,0.0,0.0,1.0,0.0,0.0,1.0,0.0,0.0,1.0,0.0,0.0,0.0,0.0,15 min - 1 hour,2.57,sweb.env.x86_64.c795f4b88616b8462021ed:latest
sympy__sympy-12481,0.0,1.0,,0.0,1.0,,0.0,0.0,0.0,1.0,1.0,1.0,1.0,1.0,1.0,0.0,1.0,,0.0,1.0,,<15 min fix,2.57,sweb.env.x86_64.c795f4b88616b8462021ed:latest
sympy__sympy-12489,0.0,1.0,0.0,0.0,1.0,0.0,0.0,1.0,0.0,0.0,1.0,0.0,0.0,0.0,0.0,0.0,0.0,0.0,0.0,1.0,0.0,1-4 hours,2.57,sweb.env.x86_64.c795f4b88616b8462021ed:latest
sympy__sympy-13031,0.0,1.0,0.0,0.0,1.0,0.0,0.0,1.0,0.0,0.0,1.0,0.0,0.0,1.0,,0.0,1.0,0.0,0.0,1.0,0.0,15 min - 1 hour,2.57,sweb.env.x86_64.c795f4b88616b8462021ed:latest
sympy__sympy-13091,0.0,1.0,,0.0,1.0,,0.0,1.0,,0.0,1.0,0.5,0.0,1.0,,0.0,0.0,0.0,0.0,1.0,,15 min - 1 hour,2.57,sweb.env.x86_64.c795f4b88616b8462021ed:latest
sympy__sympy-13372,1.0,1.0,1.0,0.0,0.9772727272727272,1.0,1.0,1.0,1.0,1.0,1.0,1.0,0.0,0.0,0.0,0.0,1.0,,0.0,0.9772727272727272,1.0,<15 min fix,2.58,sweb.env.x86_64.c795f4b88616b8462021ed:latest
sympy__sympy-13480,1.0,1.0,1.0,0.0,0.0,0.0,1.0,1.0,1.0,1.0,1.0,1.0,1.0,1.0,1.0,0.0,1.0,0.0,0.0,1.0,,<15 min fix,2.58,sweb.env.x86_64.c795f4b88616b8462021ed:latest
sympy__sympy-13551,0.0,0.8823529411764706,0.0,0.0,1.0,0.0,0.0,1.0,0.0,0.0,1.0,0.0,0.0,0.9375,0.0,0.0,1.0,0.0,0.0,1.0,,15 min - 1 hour,2.58,sweb.env.x86_64.c795f4b88616b8462021ed:latest
sympy__sympy-13615,0.0,0.8260869565217391,0.0,0.0,1.0,0.0,0.0,1.0,0.0,0.0,0.9857142857142858,0.0,0.0,1.0,0.0,0.0,1.0,0.0,0.0,1.0,0.0,15 min - 1 hour,2.58,sweb.env.x86_64.c795f4b88616b8462021ed:latest
sympy__sympy-13647,0.0,1.0,0.0,0.0,1.0,0.0,1.0,1.0,1.0,1.0,1.0,1.0,0.0,1.0,0.0,0.0,1.0,0.0,0.0,1.0,0.0,15 min - 1 hour,2.58,sweb.env.x86_64.c795f4b88616b8462021ed:latest
sympy__sympy-13757,0.0,1.0,0.0,0.0,1.0,0.0,0.0,1.0,0.0,0.0,1.0,0.0,0.0,0.0,0.0,0.0,1.0,0.0,0.0,1.0,0.0,15 min - 1 hour,2.58,sweb.env.x86_64.c795f4b88616b8462021ed:latest
sympy__sympy-13798,0.0,1.0,,0.0,1.0,,0.0,1.0,,0.0,1.0,0.0,0.0,1.0,,0.0,0.9901960784313726,0.0,0.0,1.0,,15 min - 1 hour,2.58,sweb.env.x86_64.c795f4b88616b8462021ed:latest
sympy__sympy-13852,0.0,1.0,0.0,0.0,1.0,0.0,0.0,1.0,0.0,0.0,1.0,0.0,0.0,1.0,0.0,0.0,1.0,0.0,0.0,1.0,0.0,1-4 hours,2.58,sweb.env.x86_64.c795f4b88616b8462021ed:latest
sympy__sympy-13877,1.0,1.0,1.0,1.0,1.0,1.0,0.0,0.990909090909091,0.0,1.0,1.0,1.0,0.0,1.0,0.0,0.0,1.0,0.0,1.0,1.0,1.0,15 min - 1 hour,2.58,sweb.env.x86_64.c795f4b88616b8462021ed:latest
sympy__sympy-13878,0.0,1.0,,0.0,1.0,,0.0,1.0,,0.0,1.0,,0.0,1.0,,0.0,1.0,0.0,0.0,1.0,,>4 hours,2.58,sweb.env.x86_64.c795f4b88616b8462021ed:latest
sympy__sympy-13974,0.0,1.0,0.0,0.0,1.0,0.0,0.0,1.0,0.0,0.0,1.0,,0.0,1.0,0.0,0.0,1.0,,0.0,1.0,0.0,15 min - 1 hour,2.58,sweb.env.x86_64.c795f4b88616b8462021ed:latest
sympy__sympy-14248,0.0,1.0,0.0,0.0,1.0,0.0,0.0,0.9907621247113164,0.0,0.0,0.0,0.0,0.0,1.0,0.0,0.0,0.9976905311778292,0.0,0.0,1.0,0.0,1-4 hours,2.58,sweb.env.x86_64.c795f4b88616b8462021ed:latest
sympy__sympy-14531,0.0,1.0,0.0,0.0,1.0,0.0,0.0,1.0,0.0,0.0,1.0,0.0,0.0,1.0,0.5,0.0,1.0,0.0,0.0,1.0,0.0,15 min - 1 hour,2.58,sweb.env.x86_64.c795f4b88616b8462021ed:latest
sympy__sympy-14711,0.0,1.0,,1.0,1.0,1.0,1.0,1.0,1.0,1.0,1.0,1.0,1.0,1.0,1.0,0.0,1.0,,0.0,1.0,,<15 min fix,2.58,sweb.env.x86_64.c795f4b88616b8462021ed:latest
sympy__sympy-14976,0.0,1.0,0.0,0.0,1.0,0.0,0.0,1.0,0.0,0.0,1.0,0.0,0.0,1.0,0.0,0.0,1.0,0.0,0.0,1.0,0.0,15 min - 1 hour,2.58,sweb.env.x86_64.c795f4b88616b8462021ed:latest
sympy__sympy-15017,0.0,1.0,,0.0,1.0,,0.0,1.0,,0.0,1.0,,0.0,1.0,,0.0,1.0,,0.0,1.0,,<15 min fix,2.58,sweb.env.x86_64.c795f4b88616b8462021ed:latest
sympy__sympy-15345,0.0,1.0,,0.0,1.0,0.0,0.0,1.0,0.0,0.0,1.0,0.0,0.0,1.0,,0.0,1.0,0.0,0.0,1.0,0.0,<15 min fix,2.58,sweb.env.x86_64.c795f4b88616b8462021ed:latest
sympy__sympy-15349,0.0,1.0,0.0,0.0,0.6666666666666666,0.0,1.0,1.0,1.0,1.0,1.0,1.0,1.0,1.0,1.0,0.0,1.0,0.0,1.0,1.0,1.0,15 min - 1 hour,2.58,sweb.env.x86_64.c795f4b88616b8462021ed:latest
sympy__sympy-15599,0.0,1.0,0.0,0.0,1.0,0.0,0.0,1.0,0.0,0.0,1.0,0.0,0.0,1.0,0.0,0.0,1.0,0.0,0.0,1.0,0.0,15 min - 1 hour,2.58,sweb.env.x86_64.c795f4b88616b8462021ed:latest
sympy__sympy-15809,0.0,1.0,,0.0,1.0,0.0,1.0,1.0,1.0,1.0,1.0,1.0,0.0,1.0,,0.0,1.0,,1.0,1.0,1.0,<15 min fix,2.58,sweb.env.x86_64.c795f4b88616b8462021ed:latest
sympy__sympy-15875,0.0,1.0,0.0,0.0,1.0,0.0,0.0,1.0,0.0,0.0,1.0,0.0,0.0,1.0,0.0,0.0,1.0,0.0,0.0,1.0,0.0,<15 min fix,2.58,sweb.env.x86_64.c795f4b88616b8462021ed:latest
sympy__sympy-15976,0.0,1.0,0.0,0.0,1.0,0.0,0.0,1.0,0.0,0.0,0.972972972972973,0.0,0.0,0.0,0.0,0.0,0.0,0.0,0.0,0.0,0.0,15 min - 1 hour,2.58,sweb.env.x86_64.c795f4b88616b8462021ed:latest
sympy__sympy-16450,0.0,1.0,0.0,0.0,1.0,0.0,0.0,1.0,0.0,0.0,1.0,0.0,0.0,1.0,0.0,0.0,0.9736842105263158,0.0,0.0,1.0,0.0,<15 min fix,2.58,sweb.env.x86_64.c795f4b88616b8462021ed:latest
sympy__sympy-16597,0.0,1.0,0.0,0.0,1.0,0.0,0.0,1.0,0.0,0.0,1.0,0.0,0.0,1.0,0.0,0.0,1.0,0.0,0.0,1.0,0.0,1-4 hours,2.58,sweb.env.x86_64.c795f4b88616b8462021ed:latest
sympy__sympy-16766,0.0,0.0,0.0,0.0,1.0,0.0,1.0,1.0,1.0,0.0,1.0,0.0,0.0,1.0,0.0,0.0,0.0,0.0,0.0,1.0,0.0,<15 min fix,2.58,sweb.env.x86_64.c795f4b88616b8462021ed:latest
sympy__sympy-16792,0.0,1.0,0.0,0.0,1.0,0.0,0.0,1.0,0.0,0.0,1.0,0.0,0.0,1.0,0.0,0.0,1.0,0.0,0.0,1.0,0.0,15 min - 1 hour,2.58,sweb.env.x86_64.c795f4b88616b8462021ed:latest
sympy__sympy-16886,0.0,0.9285714285714286,0.0,0.0,1.0,0.0,1.0,1.0,1.0,1.0,1.0,1.0,0.0,1.0,0.0,1.0,1.0,1.0,1.0,1.0,1.0,<15 min fix,2.58,sweb.env.x86_64.c795f4b88616b8462021ed:latest
sympy__sympy-17139,0.0,1.0,,0.0,1.0,,1.0,1.0,1.0,1.0,1.0,1.0,0.0,1.0,,0.0,1.0,,0.0,1.0,,<15 min fix,2.58,sweb.env.x86_64.c795f4b88616b8462021ed:latest
sympy__sympy-17318,0.0,1.0,,0.0,1.0,,0.0,1.0,,1.0,1.0,1.0,0.0,0.0,0.0,0.0,1.0,,0.0,0.0,0.0,15 min - 1 hour,2.58,sweb.env.x86_64.c795f4b88616b8462021ed:latest
sympy__sympy-17630,0.0,1.0,0.0,0.0,0.7368421052631579,0.0,0.0,1.0,0.0,0.0,1.0,0.0,0.0,1.0,0.0,0.0,1.0,0.5,0.0,1.0,0.0,1-4 hours,2.58,sweb.env.x86_64.c795f4b88616b8462021ed:latest
sympy__sympy-17655,0.0,1.0,,0.0,1.0,,0.0,1.0,,1.0,1.0,1.0,0.0,1.0,,1.0,1.0,1.0,0.0,1.0,,<15 min fix,2.58,sweb.env.x86_64.c795f4b88616b8462021ed:latest
sympy__sympy-18189,0.0,1.0,0.0,0.0,1.0,,0.0,1.0,0.0,1.0,1.0,1.0,0.0,1.0,0.0,0.0,1.0,0.0,1.0,1.0,1.0,<15 min fix,2.59,sweb.env.x86_64.c795f4b88616b8462021ed:latest
sympy__sympy-18199,0.0,1.0,0.0,0.0,1.0,0.0,0.0,1.0,0.0,0.0,1.0,0.0,0.0,1.0,0.0,0.0,1.0,0.0,0.0,1.0,0.0,1-4 hours,2.59,sweb.env.x86_64.c795f4b88616b8462021ed:latest
sympy__sympy-18211,0.0,1.0,,0.0,1.0,,0.0,1.0,,0.0,1.0,0.0,0.0,1.0,,0.0,1.0,,0.0,1.0,,15 min - 1 hour,2.59,sweb.env.x86_64.c795f4b88616b8462021ed:latest
sympy__sympy-18698,0.0,1.0,0.0,0.0,1.0,0.0,0.0,1.0,0.0,0.0,1.0,0.0,0.0,1.0,0.0,0.0,1.0,0.0,0.0,1.0,0.0,15 min - 1 hour,2.59,sweb.env.x86_64.c795f4b88616b8462021ed:latest
sympy__sympy-18763,0.0,1.0,0.0,0.0,1.0,0.0,0.0,0.7163120567375887,0.0,0.0,1.0,0.0,1.0,1.0,1.0,0.0,0.0,0.0,0.0,1.0,0.0,<15 min fix,2.59,sweb.env.x86_64.c795f4b88616b8462021ed:latest
sympy__sympy-19040,0.0,1.0,0.0,0.0,0.0,0.0,0.0,0.972972972972973,0.0,0.0,1.0,0.0,0.0,1.0,0.0,0.0,1.0,0.0,0.0,1.0,0.0,15 min - 1 hour,2.59,sweb.env.x86_64.c795f4b88616b8462021ed:latest
sympy__sympy-19346,0.0,0.1428571428571428,0.0,0.0,1.0,0.0,0.0,1.0,0.0,1.0,1.0,1.0,0.0,0.0,0.0,0.0,0.0,0.0,0.0,0.0,0.0,15 min - 1 hour,2.59,sweb.env.x86_64.c795f4b88616b8462021ed:latest
sympy__sympy-19495,0.0,1.0,0.0,0.0,1.0,0.0,0.0,1.0,0.0,0.0,1.0,0.0,0.0,1.0,0.0,0.0,1.0,0.0,0.0,1.0,0.0,<15 min fix,2.59,sweb.env.x86_64.c795f4b88616b8462021ed:latest
sympy__sympy-19637,0.0,1.0,,0.0,1.0,,1.0,1.0,1.0,0.0,1.0,,0.0,1.0,,0.0,1.0,,0.0,0.0,0.0,<15 min fix,2.59,sweb.env.x86_64.c795f4b88616b8462021ed:latest
sympy__sympy-19783,0.0,1.0,0.0,0.0,0.0,0.0,0.0,1.0,0.0,0.0,1.0,0.0,0.0,1.0,0.0,0.0,1.0,0.0,0.0,1.0,0.0,15 min - 1 hour,2.59,sweb.env.x86_64.c795f4b88616b8462021ed:latest
sympy__sympy-19954,0.0,1.0,,0.0,1.0,,0.0,1.0,,0.0,1.0,,0.0,0.0,0.0,0.0,1.0,,0.0,0.0,0.0,<15 min fix,2.59,sweb.env.x86_64.c795f4b88616b8462021ed:latest
sympy__sympy-20154,0.0,1.0,0.0,0.0,1.0,0.0,1.0,1.0,1.0,0.0,1.0,0.0,0.0,0.0,0.0,0.0,1.0,0.0,0.0,1.0,0.0,15 min - 1 hour,2.59,sweb.env.x86_64.c795f4b88616b8462021ed:latest
sympy__sympy-20428,0.0,1.0,0.0,0.0,1.0,0.0,0.0,1.0,0.0,0.0,1.0,0.0,0.0,1.0,0.0,0.0,1.0,0.0,,,,15 min - 1 hour,2.59,sweb.env.x86_64.c795f4b88616b8462021ed:latest
sympy__sympy-20438,0.0,0.989247311827957,0.0,0.0,1.0,0.0,0.0,1.0,0.0,0.0,1.0,0.0,0.0,0.989247311827957,0.0,0.0,0.978494623655914,0.0,0.0,1.0,0.0,15 min - 1 hour,2.59,sweb.env.x86_64.c795f4b88616b8462021ed:latest
sympy__sympy-20590,0.0,1.0,0.0,0.0,1.0,0.0,0.0,1.0,0.0,0.0,1.0,0.0,0.0,1.0,0.0,0.0,1.0,0.0,0.0,1.0,0.0,15 min - 1 hour,2.59,sweb.env.x86_64.c795f4b88616b8462021ed:latest
sympy__sympy-20801,0.0,1.0,0.0,0.0,0.0,0.0,0.0,1.0,0.0,0.0,1.0,0.0,0.0,1.0,0.0,0.0,1.0,0.0,0.0,1.0,0.0,15 min - 1 hour,2.59,sweb.env.x86_64.c795f4b88616b8462021ed:latest
sympy__sympy-20916,0.0,1.0,0.0,0.0,1.0,0.0,0.0,1.0,0.0,0.0,1.0,0.0,0.0,1.0,0.0,0.0,1.0,0.0,0.0,1.0,0.0,<15 min fix,2.59,sweb.env.x86_64.c795f4b88616b8462021ed:latest
sympy__sympy-21379,0.0,1.0,,0.0,1.0,,0.0,1.0,,1.0,1.0,1.0,0.0,1.0,,0.0,1.0,,0.0,1.0,,15 min - 1 hour,2.59,sweb.env.x86_64.c795f4b88616b8462021ed:latest
sympy__sympy-21596,0.0,1.0,0.0,0.0,1.0,0.0,0.0,1.0,0.0,0.0,1.0,0.0,0.0,1.0,0.0,0.0,1.0,0.0,0.0,1.0,0.0,15 min - 1 hour,2.59,sweb.env.x86_64.c795f4b88616b8462021ed:latest
sympy__sympy-21612,0.0,1.0,0.0,0.0,1.0,0.0,0.0,1.0,0.0,0.0,1.0,0.0,0.0,1.0,0.0,0.0,1.0,0.0,0.0,1.0,0.0,15 min - 1 hour,2.59,sweb.env.x86_64.c795f4b88616b8462021ed:latest
sympy__sympy-21847,1.0,1.0,1.0,0.0,1.0,0.0,0.0,1.0,,1.0,1.0,1.0,0.0,1.0,0.0,0.0,1.0,,0.0,1.0,0.0,<15 min fix,2.59,sweb.env.x86_64.c795f4b88616b8462021ed:latest
sympy__sympy-21930,0.0,1.0,0.3333333333333333,0.0,0.0,0.0,0.0,1.0,0.3333333333333333,0.0,0.9777777777777776,0.1666666666666666,0.0,1.0,0.0,0.0,0.0,0.0,0.0,1.0,0.3333333333333333,15 min - 1 hour,2.59,sweb.env.x86_64.c795f4b88616b8462021ed:latest
sympy__sympy-22080,0.0,1.0,0.0,0.0,1.0,0.0,0.0,0.0,0.0,0.0,1.0,0.0,0.0,1.0,0.0,0.0,1.0,0.0,0.0,1.0,0.0,15 min - 1 hour,2.59,sweb.env.x86_64.c795f4b88616b8462021ed:latest
sympy__sympy-22456,0.0,0.4827586206896552,,0.0,0.9166666666666666,,0.0,0.0,0.0,1.0,1.0,1.0,0.0,1.0,,0.0,1.0,,0.0,1.0,,15 min - 1 hour,2.59,sweb.env.x86_64.c795f4b88616b8462021ed:latest
sympy__sympy-22714,0.0,1.0,1.0,0.0,1.0,,1.0,1.0,1.0,1.0,1.0,1.0,0.0,1.0,,1.0,1.0,1.0,0.0,1.0,,<15 min fix,2.59,sweb.env.x86_64.c795f4b88616b8462021ed:latest
sympy__sympy-22914,0.0,1.0,0.0,1.0,1.0,1.0,1.0,1.0,1.0,1.0,1.0,1.0,1.0,1.0,1.0,0.0,1.0,0.0,0.0,1.0,0.0,15 min - 1 hour,2.59,sweb.env.x86_64.c795f4b88616b8462021ed:latest
sympy__sympy-23262,0.0,1.0,0.0,0.0,1.0,0.0,0.0,1.0,0.0,0.0,1.0,0.0,0.0,1.0,0.0,0.0,1.0,0.0,0.0,1.0,0.0,15 min - 1 hour,2.59,sweb.env.x86_64.c795f4b88616b8462021ed:latest
sympy__sympy-23413,0.0,1.0,0.0,0.0,1.0,0.0,0.0,1.0,0.0,0.0,1.0,,0.0,1.0,0.0,0.0,1.0,0.0,0.0,1.0,0.0,15 min - 1 hour,2.59,sweb.env.x86_64.c795f4b88616b8462021ed:latest
sympy__sympy-23534,0.0,1.0,0.0,0.0,1.0,0.0,0.0,1.0,0.0,0.0,0.0,0.0,0.0,1.0,0.0,0.0,1.0,0.0,0.0,1.0,0.0,<15 min fix,2.59,sweb.env.x86_64.c795f4b88616b8462021ed:latest
sympy__sympy-23824,0.0,1.0,0.0,0.0,0.0,0.0,0.0,1.0,0.0,0.0,0.0,0.0,0.0,1.0,0.0,0.0,1.0,0.0,0.0,1.0,0.0,15 min - 1 hour,2.6,sweb.env.x86_64.c795f4b88616b8462021ed:latest
sympy__sympy-23950,0.0,1.0,0.0,0.0,1.0,,0.0,1.0,0.0,1.0,1.0,1.0,0.0,1.0,,0.0,1.0,0.0,0.0,1.0,0.0,15 min - 1 hour,2.59,sweb.env.x86_64.c795f4b88616b8462021ed:latest
sympy__sympy-24066,0.0,1.0,,0.0,0.0,0.0,1.0,1.0,1.0,1.0,1.0,1.0,0.0,0.9655172413793104,1.0,0.0,1.0,,0.0,1.0,,15 min - 1 hour,2.59,sweb.env.x86_64.c795f4b88616b8462021ed:latest
sympy__sympy-24213,0.0,1.0,,0.0,1.0,,0.0,0.967741935483871,1.0,1.0,1.0,1.0,0.0,1.0,,0.0,0.0,0.0,0.0,1.0,,15 min - 1 hour,2.59,sweb.env.x86_64.c795f4b88616b8462021ed:latest
sympy__sympy-24443,0.0,,,1.0,1.0,1.0,0.0,,,1.0,1.0,1.0,0.0,1.0,,0.0,0.0,0.0,0.0,1.0,,15 min - 1 hour,2.58,sweb.env.x86_64.c795f4b88616b8462021ed:latest
sympy__sympy-24539,1.0,1.0,1.0,1.0,1.0,1.0,1.0,1.0,1.0,1.0,1.0,1.0,1.0,1.0,1.0,0.0,0.0,0.0,0.0,1.0,,<15 min fix,2.58,sweb.env.x86_64.c795f4b88616b8462021ed:latest
sympy__sympy-24562,0.0,1.0,,0.0,1.0,,0.0,1.0,,0.0,1.0,,0.0,1.0,,0.0,1.0,,0.0,1.0,,<15 min fix,2.58,sweb.env.x86_64.c795f4b88616b8462021ed:latest
sympy__sympy-24661,0.0,0.7307692307692307,0.0,0.0,1.0,0.0,0.0,1.0,0.0,0.0,1.0,0.0,0.0,1.0,0.0,0.0,1.0,0.0,0.0,1.0,0.0,15 min - 1 hour,2.58,sweb.env.x86_64.c795f4b88616b8462021ed:latest
